customer_id,Recency,Frequency,Monetary,ComplaintCnt,Tenure,AvgOrder,Segment_D4,cluster,cluster_name,Churn,churn_probability,churn,risk_level
C0001,108,7,13907,1,886,1987,G6 At Risk,0,穩定中段,0,0.0273,0,Low
C0002,105,2,11296,0,314,5648,G7 Hibernating,0,穩定中段,0,0.5553,1,Medium
C0003,107,1,53757,0,945,53757,G3 Big Spenders,3,流失高風險,0,0.0,0,Low
C0004,13,8,21478,0,2115,2685,G2 Loyal,2,VIP 高頻高額,0,0.0,0,Low
C0005,4,9,21955,0,1973,2439,G2 Loyal,2,VIP 高頻高額,0,0.0,0,Low
C0006,65,3,39526,2,2121,13175,G7 Hibernating,3,流失高風險,1,0.5553,1,Medium
C0007,63,2,15255,0,2980,7628,G7 Hibernating,0,穩定中段,0,0.5553,1,Medium
C0008,141,4,17541,0,697,4385,G8 Lost,0,穩定中段,0,0.0,0,Low
C0009,4,5,30152,1,1349,6030,G5 Potential Loyalists,3,流失高風險,0,0.0,0,Low
C0010,47,10,8275,0,1487,828,G2 Loyal,0,穩定中段,0,0.0,0,Low
C0011,3,7,28418,0,473,4060,G2 Loyal,2,VIP 高頻高額,0,0.0273,0,Low
C0012,49,4,14343,1,1997,3586,G8 Lost,0,穩定中段,0,0.0,0,Low
C0013,78,5,44304,0,175,8861,G6 At Risk,3,流失高風險,0,0.0273,0,Low
C0014,312,0,35691,1,2695,0,G8 Lost,1,沉睡客戶,0,0.9742,1,High
C0015,271,0,32539,3,292,0,G8 Lost,1,沉睡客戶,1,0.9742,1,High
C0016,7,11,7904,0,357,719,G2 Loyal,2,VIP 高頻高額,0,0.0273,0,Low
C0017,4,8,22643,0,545,2830,G2 Loyal,2,VIP 高頻高額,0,0.0273,0,Low
C0018,14,6,10678,0,2679,1780,G5 Potential Loyalists,0,穩定中段,0,0.0,0,Low
C0019,41,9,23723,2,2588,2636,G2 Loyal,2,VIP 高頻高額,0,0.0,0,Low
C0020,19,6,4814,1,2769,802,G5 Potential Loyalists,0,穩定中段,0,0.0,0,Low
C0021,56,8,8279,0,2504,1035,G2 Loyal,0,穩定中段,0,0.0,0,Low
C0022,241,0,55956,1,2773,0,G3 Big Spenders,1,沉睡客戶,0,0.9742,1,High
C0023,83,3,31519,0,1430,10506,G7 Hibernating,3,流失高風險,0,0.5553,1,Medium
C0024,55,3,19003,1,44,6334,G8 Lost,0,穩定中段,0,0.5553,1,Medium
C0025,30,8,12886,0,1331,1611,G2 Loyal,0,穩定中段,0,0.0,0,Low
C0026,19,9,11396,0,686,1266,G2 Loyal,0,穩定中段,0,0.0273,0,Low
C0027,20,3,28004,0,756,9335,G5 Potential Loyalists,3,流失高風險,0,0.0,0,Low
C0028,3,7,19139,0,2082,2734,G2 Loyal,0,穩定中段,0,0.0,0,Low
C0029,8,5,71873,0,525,14375,G3 Big Spenders,3,流失高風險,0,0.0273,0,Low
C0030,31,5,21390,0,985,4278,G8 Lost,0,穩定中段,0,0.0,0,Low
C0031,17,6,25364,0,1196,4227,G5 Potential Loyalists,0,穩定中段,0,0.0,0,Low
C0032,57,7,9210,1,211,1316,G6 At Risk,0,穩定中段,0,0.0273,0,Low
C0033,32,14,18911,1,2112,1351,G2 Loyal,2,VIP 高頻高額,0,0.0,0,Low
C0034,11,5,27554,1,2295,5511,G5 Potential Loyalists,3,流失高風險,0,0.0,0,Low
C0035,21,7,18752,0,1688,2679,G2 Loyal,0,穩定中段,0,0.0,0,Low
C0036,29,15,17328,0,114,1155,G2 Loyal,2,VIP 高頻高額,0,0.0273,0,Low
C0037,15,8,30602,0,2367,3825,G1 VIP(Champions),2,VIP 高頻高額,0,0.0,0,Low
C0038,14,4,70289,1,1354,17572,G3 Big Spenders,3,流失高風險,0,0.0,0,Low
C0039,271,0,26943,1,821,0,G8 Lost,1,沉睡客戶,1,0.9742,1,High
C0040,13,10,54227,0,2844,5423,G1 VIP(Champions),2,VIP 高頻高額,0,0.0,0,Low
C0041,60,7,37614,0,2582,5373,G6 At Risk,3,流失高風險,0,0.0,0,Low
C0042,63,8,52003,0,1337,6500,G6 At Risk,3,流失高風險,0,0.0,0,Low
C0043,49,9,15886,0,1346,1765,G2 Loyal,2,VIP 高頻高額,0,0.0,0,Low
C0044,3,10,21060,0,2738,2106,G2 Loyal,2,VIP 高頻高額,0,0.0,0,Low
C0045,51,10,21122,0,597,2112,G2 Loyal,2,VIP 高頻高額,0,0.0273,0,Low
C0046,61,6,35682,2,1244,5947,G6 At Risk,3,流失高風險,0,0.0,0,Low
C0047,50,4,42391,1,1724,10598,G8 Lost,3,流失高風險,0,0.0,0,Low
C0048,13,6,26570,0,1059,4428,G5 Potential Loyalists,0,穩定中段,0,0.0,0,Low
C0049,157,4,44967,0,967,11242,G8 Lost,3,流失高風險,0,0.2923,0,Low
C0050,7,12,16410,0,348,1368,G2 Loyal,2,VIP 高頻高額,0,0.0273,0,Low
C0051,16,9,45241,0,822,5027,G1 VIP(Champions),2,VIP 高頻高額,0,0.0273,0,Low
C0052,1,5,49566,0,1093,9913,G3 Big Spenders,3,流失高風險,0,0.0,0,Low
C0053,8,7,39114,1,2517,5588,G1 VIP(Champions),2,VIP 高頻高額,0,0.0,0,Low
C0054,59,2,26740,1,1030,13370,G7 Hibernating,3,流失高風險,0,0.5553,1,Medium
C0055,180,1,40108,1,508,40108,G8 Lost,1,沉睡客戶,0,0.8706,1,High
C0056,25,7,13019,0,2544,1860,G2 Loyal,0,穩定中段,0,0.0,0,Low
C0057,13,10,704903,0,1074,70490,G1 VIP(Champions),3,流失高風險,0,0.0,0,Low
C0058,18,5,30042,1,2762,6008,G5 Potential Loyalists,3,流失高風險,0,0.0,0,Low
C0059,16,5,9598,0,353,1920,G5 Potential Loyalists,0,穩定中段,0,0.0273,0,Low
C0060,6,7,33935,1,95,4848,G1 VIP(Champions),2,VIP 高頻高額,0,0.0273,0,Low
C0061,49,5,10156,1,2767,2031,G8 Lost,0,穩定中段,0,0.0,0,Low
C0062,62,8,18042,1,321,2255,G6 At Risk,0,穩定中段,0,0.0273,0,Low
C0063,68,13,25030,1,55,1925,G6 At Risk,2,VIP 高頻高額,0,0.0273,0,Low
C0064,173,5,14596,0,1940,2919,G8 Lost,1,沉睡客戶,0,0.8731,1,High
C0065,95,4,25791,2,972,6448,G7 Hibernating,3,流失高風險,0,0.4523,0,Medium
C0066,74,4,25504,0,1469,6376,G7 Hibernating,3,流失高風險,0,0.0,0,Low
C0067,186,0,13710,1,1242,0,G8 Lost,1,沉睡客戶,1,0.8706,1,High
C0068,27,6,36228,0,911,6038,G5 Potential Loyalists,3,流失高風險,0,0.0273,0,Low
C0069,2,10,14258,0,1459,1426,G2 Loyal,2,VIP 高頻高額,0,0.0,0,Low
C0070,43,4,120763,0,801,30191,G3 Big Spenders,3,流失高風險,0,0.0273,0,Low
C0071,266,3,22547,0,697,7516,G8 Lost,1,沉睡客戶,0,0.8731,1,High
C0072,68,7,10722,1,697,1532,G6 At Risk,0,穩定中段,0,0.0273,0,Low
C0073,91,3,12222,2,381,4074,G7 Hibernating,0,穩定中段,1,0.5553,1,Medium
C0074,15,8,54356,1,1590,6794,G1 VIP(Champions),2,VIP 高頻高額,0,0.0,0,Low
C0075,2,7,18281,1,1659,2612,G2 Loyal,0,穩定中段,0,0.0,0,Low
C0076,42,3,9371,0,81,3124,G8 Lost,0,穩定中段,0,0.0,0,Low
C0077,115,4,44249,0,1394,11062,G7 Hibernating,3,流失高風險,0,0.0,0,Low
C0078,37,4,18199,1,2224,4550,G8 Lost,0,穩定中段,0,0.0,0,Low
C0079,96,4,38461,1,33,9615,G7 Hibernating,3,流失高風險,0,0.0273,0,Low
C0080,34,6,46859,1,922,7810,G3 Big Spenders,3,流失高風險,0,0.0273,0,Low
C0081,59,7,29499,0,2884,4214,G6 At Risk,3,流失高風險,0,0.0,0,Low
C0082,13,10,130240,0,1297,13024,G1 VIP(Champions),2,VIP 高頻高額,0,0.0,0,Low
C0083,6,9,7279,0,79,809,G2 Loyal,0,穩定中段,0,0.0273,0,Low
C0084,6,7,13731,1,1595,1962,G2 Loyal,0,穩定中段,0,0.0,0,Low
C0085,5,8,20350,0,1250,2544,G2 Loyal,2,VIP 高頻高額,0,0.0,0,Low
C0086,2,4,118518,0,657,29630,G3 Big Spenders,3,流失高風險,0,0.0273,0,Low
C0087,77,1,85699,0,248,85699,G3 Big Spenders,3,流失高風險,0,0.0,0,Low
C0088,20,10,59999,1,2654,6000,G1 VIP(Champions),2,VIP 高頻高額,0,0.0,0,Low
C0089,228,2,13962,2,2444,6981,G8 Lost,1,沉睡客戶,1,0.9742,1,High
C0090,42,5,15150,0,2055,3030,G8 Lost,0,穩定中段,0,0.0,0,Low
C0091,8,14,13630,1,82,974,G2 Loyal,2,VIP 高頻高額,0,0.0273,0,Low
C0092,86,5,14067,0,2614,2813,G6 At Risk,0,穩定中段,0,0.0,0,Low
C0093,58,7,69209,0,1435,9887,G6 At Risk,3,流失高風險,0,0.0,0,Low
C0094,15,7,20524,1,1442,2932,G2 Loyal,0,穩定中段,0,0.0,0,Low
C0095,9,5,22515,1,2636,4503,G5 Potential Loyalists,0,穩定中段,0,0.0,0,Low
C0096,24,6,41859,0,1314,6976,G5 Potential Loyalists,3,流失高風險,0,0.0,0,Low
C0097,14,10,7597,0,731,760,G2 Loyal,0,穩定中段,0,0.0273,0,Low
C0098,3,6,25257,1,734,4210,G5 Potential Loyalists,0,穩定中段,0,0.0273,0,Low
C0099,23,6,11296,1,2782,1883,G5 Potential Loyalists,0,穩定中段,0,0.0,0,Low
C0100,101,1,19809,2,1648,19809,G7 Hibernating,0,穩定中段,1,0.5553,1,Medium
C0101,180,0,16147,1,1749,0,G8 Lost,1,沉睡客戶,0,0.8706,1,High
C0102,139,2,15575,2,1791,7788,G8 Lost,1,沉睡客戶,1,0.8762,1,High
C0103,92,3,28507,0,685,9502,G7 Hibernating,3,流失高風險,0,0.5553,1,Medium
C0104,50,6,28420,2,1277,4737,G8 Lost,3,流失高風險,0,0.0,0,Low
C0105,83,2,20871,1,2856,10436,G7 Hibernating,0,穩定中段,0,0.5553,1,Medium
C0106,33,2,31555,0,461,15778,G8 Lost,3,流失高風險,0,0.0,0,Low
C0107,336,0,13253,1,2855,0,G8 Lost,1,沉睡客戶,1,0.9742,1,High
C0108,17,8,39227,0,841,4903,G1 VIP(Champions),2,VIP 高頻高額,0,0.0273,0,Low
C0109,10,5,21071,0,908,4214,G5 Potential Loyalists,0,穩定中段,0,0.0273,0,Low
C0110,97,4,17352,0,72,4338,G7 Hibernating,0,穩定中段,0,0.0273,0,Low
C0111,6,14,13956,0,2001,997,G2 Loyal,2,VIP 高頻高額,0,0.0,0,Low
C0112,8,10,20558,1,977,2056,G2 Loyal,2,VIP 高頻高額,0,0.0,0,Low
C0113,14,11,90170,1,1394,8197,G1 VIP(Champions),2,VIP 高頻高額,0,0.0,0,Low
C0114,44,7,23288,1,1754,3327,G2 Loyal,0,穩定中段,0,0.0,0,Low
C0115,19,9,10926,0,1913,1214,G2 Loyal,0,穩定中段,0,0.0,0,Low
C0116,212,2,46313,1,2868,23156,G3 Big Spenders,1,沉睡客戶,1,0.9742,1,High
C0117,97,2,17495,1,1680,8748,G7 Hibernating,0,穩定中段,0,0.5553,1,Medium
C0118,69,7,29692,0,558,4242,G6 At Risk,3,流失高風險,0,0.0273,0,Low
C0119,53,4,15931,0,2119,3983,G8 Lost,0,穩定中段,0,0.0,0,Low
C0120,8,11,59667,0,194,5424,G1 VIP(Champions),2,VIP 高頻高額,0,0.0273,0,Low
C0121,229,3,16098,0,2535,5366,G8 Lost,1,沉睡客戶,0,0.8731,1,High
C0122,20,13,64764,0,910,4982,G1 VIP(Champions),2,VIP 高頻高額,0,0.0273,0,Low
C0123,6,11,11679,0,2175,1062,G2 Loyal,2,VIP 高頻高額,0,0.0,0,Low
C0124,18,8,19830,1,495,2479,G2 Loyal,2,VIP 高頻高額,0,0.0273,0,Low
C0125,3,7,64861,0,1237,9266,G1 VIP(Champions),3,流失高風險,0,0.0,0,Low
C0126,41,2,27384,0,2095,13692,G8 Lost,3,流失高風險,0,0.0,0,Low
C0127,44,5,119375,0,1875,23875,G3 Big Spenders,3,流失高風險,0,0.0,0,Low
C0128,13,6,20163,0,47,3360,G5 Potential Loyalists,0,穩定中段,0,0.0273,0,Low
C0129,2,17,29142,0,132,1714,G2 Loyal,2,VIP 高頻高額,0,0.0273,0,Low
C0130,123,1,92374,1,2943,92374,G3 Big Spenders,3,流失高風險,0,0.4403,0,Medium
C0131,36,7,8436,1,1600,1205,G2 Loyal,0,穩定中段,0,0.0,0,Low
C0132,220,1,7735,1,2571,7735,G8 Lost,1,沉睡客戶,0,0.9742,1,High
C0133,16,7,13949,0,245,1993,G2 Loyal,0,穩定中段,0,0.0273,0,Low
C0134,75,2,43017,0,1487,21508,G7 Hibernating,3,流失高風險,0,0.0,0,Low
C0135,74,4,7888,0,1741,1972,G7 Hibernating,0,穩定中段,0,0.0,0,Low
C0136,4,6,36973,0,2765,6162,G5 Potential Loyalists,3,流失高風險,0,0.0,0,Low
C0137,244,1,35196,1,2140,35196,G8 Lost,1,沉睡客戶,1,0.9742,1,High
C0138,30,7,99715,2,1895,14245,G2 Loyal,3,流失高風險,0,0.0,0,Low
C0139,63,3,50607,0,901,16869,G3 Big Spenders,3,流失高風險,0,0.0,0,Low
C0140,11,11,31409,0,2981,2855,G1 VIP(Champions),2,VIP 高頻高額,0,0.0,0,Low
C0141,44,4,63032,1,1003,15758,G3 Big Spenders,3,流失高風險,0,0.0,0,Low
C0142,13,6,35498,0,856,5916,G5 Potential Loyalists,3,流失高風險,0,0.0273,0,Low
C0143,73,11,17640,1,2179,1604,G6 At Risk,2,VIP 高頻高額,0,0.0,0,Low
C0144,21,7,10925,0,2990,1561,G2 Loyal,0,穩定中段,0,0.0,0,Low
C0145,35,3,16341,2,2574,5447,G8 Lost,0,穩定中段,0,0.0,0,Low
C0146,24,7,23670,0,565,3381,G2 Loyal,2,VIP 高頻高額,0,0.0273,0,Low
C0147,34,8,27516,0,2451,3440,G2 Loyal,2,VIP 高頻高額,0,0.0,0,Low
C0148,21,4,5461,0,1079,1365,G5 Potential Loyalists,0,穩定中段,0,0.0,0,Low
C0149,28,8,20875,0,689,2609,G2 Loyal,2,VIP 高頻高額,0,0.0273,0,Low
C0150,1,11,24835,0,2807,2258,G2 Loyal,2,VIP 高頻高額,0,0.0,0,Low
C0151,71,5,35713,1,2850,7143,G6 At Risk,3,流失高風險,0,0.0,0,Low
C0152,113,2,76021,2,1130,38010,G3 Big Spenders,3,流失高風險,0,0.0,0,Low
C0153,26,1,27721,0,107,27721,G4 New/Promising,3,流失高風險,0,0.0,0,Low
C0154,165,2,12878,1,653,6439,G8 Lost,1,沉睡客戶,0,0.8706,1,High
C0155,8,10,6818,0,1637,682,G2 Loyal,0,穩定中段,0,0.0,0,Low
C0156,125,1,39376,1,206,39376,G8 Lost,3,流失高風險,0,0.4403,0,Medium
C0157,16,12,13248,0,704,1104,G2 Loyal,2,VIP 高頻高額,0,0.0273,0,Low
C0158,30,5,44658,0,472,8932,G8 Lost,3,流失高風險,0,0.0273,0,Low
C0159,110,2,64744,2,2857,32372,G3 Big Spenders,3,流失高風險,0,0.0,0,Low
C0160,6,6,8260,0,1085,1377,G5 Potential Loyalists,0,穩定中段,0,0.0,0,Low
C0161,9,11,35872,1,1158,3261,G1 VIP(Champions),2,VIP 高頻高額,0,0.0,0,Low
C0162,60,5,60164,1,1281,12033,G3 Big Spenders,3,流失高風險,0,0.0,0,Low
C0163,44,3,49679,1,68,16560,G3 Big Spenders,3,流失高風險,0,0.0,0,Low
C0164,13,8,5611,1,1641,701,G2 Loyal,0,穩定中段,0,0.0,0,Low
C0165,20,4,13392,0,2740,3348,G5 Potential Loyalists,0,穩定中段,0,0.0,0,Low
C0166,34,6,9936,0,2446,1656,G8 Lost,0,穩定中段,0,0.0,0,Low
C0167,85,2,35117,0,774,17558,G7 Hibernating,3,流失高風險,0,0.5553,1,Medium
C0168,299,0,32511,0,69,0,G8 Lost,1,沉睡客戶,0,0.8731,1,High
C0169,34,9,3683,2,2326,409,G2 Loyal,0,穩定中段,0,0.0,0,Low
C0170,16,6,19721,2,2528,3287,G5 Potential Loyalists,0,穩定中段,0,0.0,0,Low
C0171,14,9,42638,2,2767,4738,G1 VIP(Champions),2,VIP 高頻高額,0,0.0,0,Low
C0172,96,1,27000,0,1744,27000,G7 Hibernating,3,流失高風險,0,0.5553,1,Medium
C0173,230,2,26967,2,1436,13484,G8 Lost,1,沉睡客戶,1,0.9742,1,High
C0174,60,4,18854,0,2276,4714,G7 Hibernating,0,穩定中段,0,0.0,0,Low
C0175,14,9,11600,0,2080,1289,G2 Loyal,0,穩定中段,0,0.0,0,Low
C0176,124,4,24054,0,2278,6014,G7 Hibernating,3,流失高風險,0,0.4785,0,Medium
C0177,51,6,25247,0,874,4208,G8 Lost,0,穩定中段,0,0.0273,0,Low
C0178,64,5,37447,0,2712,7489,G6 At Risk,3,流失高風險,0,0.0,0,Low
C0179,356,0,39638,2,140,0,G8 Lost,1,沉睡客戶,1,0.9742,1,High
C0180,53,4,25851,0,307,6463,G8 Lost,3,流失高風險,0,0.0273,0,Low
C0181,46,6,52388,0,1974,8731,G3 Big Spenders,3,流失高風險,0,0.0,0,Low
C0182,49,6,18724,0,1727,3121,G8 Lost,0,穩定中段,0,0.0,0,Low
C0183,101,3,8859,1,1675,2953,G7 Hibernating,0,穩定中段,0,0.5553,1,Medium
C0184,127,1,33994,1,2729,33994,G8 Lost,3,流失高風險,0,0.4403,0,Medium
C0185,30,12,26595,0,2616,2216,G2 Loyal,2,VIP 高頻高額,0,0.0,0,Low
C0186,4,6,34470,1,2166,5745,G5 Potential Loyalists,3,流失高風險,0,0.0,0,Low
C0187,63,3,10046,0,519,3349,G7 Hibernating,0,穩定中段,0,0.5553,1,Medium
C0188,38,5,85268,0,316,17054,G3 Big Spenders,3,流失高風險,0,0.0273,0,Low
C0189,110,1,40029,1,445,40029,G7 Hibernating,3,流失高風險,0,0.0,0,Low
C0190,320,1,19899,4,1853,19899,G8 Lost,1,沉睡客戶,1,0.9742,1,High
C0191,6,9,12647,1,2147,1405,G2 Loyal,0,穩定中段,0,0.0,0,Low
C0192,47,5,51741,1,2405,10348,G3 Big Spenders,3,流失高風險,0,0.0,0,Low
C0193,26,6,11257,0,336,1876,G5 Potential Loyalists,0,穩定中段,0,0.0273,0,Low
C0194,5,15,118534,1,846,7902,G1 VIP(Champions),2,VIP 高頻高額,0,0.0273,0,Low
C0195,12,11,15847,0,1033,1441,G2 Loyal,2,VIP 高頻高額,0,0.0,0,Low
C0196,156,2,81174,0,1908,40587,G3 Big Spenders,3,流失高風險,0,0.2923,0,Low
C0197,18,9,21394,0,168,2377,G2 Loyal,2,VIP 高頻高額,0,0.0273,0,Low
C0198,12,9,73609,0,2526,8179,G1 VIP(Champions),2,VIP 高頻高額,0,0.0,0,Low
C0199,20,6,14554,0,269,2426,G5 Potential Loyalists,0,穩定中段,0,0.0273,0,Low
C0200,93,3,24666,0,1585,8222,G7 Hibernating,3,流失高風險,0,0.5553,1,Medium
C0201,49,1,42759,0,2800,42759,G8 Lost,3,流失高風險,0,0.0,0,Low
C0202,9,7,38695,0,606,5528,G1 VIP(Champions),2,VIP 高頻高額,0,0.0273,0,Low
C0203,0,9,52603,0,2071,5845,G1 VIP(Champions),2,VIP 高頻高額,0,0.0,0,Low
C0204,297,2,17305,2,1662,8652,G8 Lost,1,沉睡客戶,1,0.9742,1,High
C0205,7,8,25832,0,2465,3229,G2 Loyal,2,VIP 高頻高額,0,0.0,0,Low
C0206,93,1,58330,0,1776,58330,G3 Big Spenders,3,流失高風險,0,0.0,0,Low
C0207,5,4,14858,0,2549,3714,G5 Potential Loyalists,0,穩定中段,0,0.0,0,Low
C0208,31,8,36344,0,1226,4543,G2 Loyal,2,VIP 高頻高額,0,0.0,0,Low
C0209,46,9,20881,1,516,2320,G2 Loyal,2,VIP 高頻高額,0,0.0273,0,Low
C0210,129,4,28117,0,2048,7029,G8 Lost,3,流失高風險,0,0.4785,0,Medium
C0211,333,0,25827,1,2903,0,G8 Lost,1,沉睡客戶,1,0.9742,1,High
C0212,342,0,14019,3,1316,0,G8 Lost,1,沉睡客戶,1,0.9742,1,High
C0213,203,1,20283,2,2465,20283,G8 Lost,1,沉睡客戶,1,0.9742,1,High
C0214,78,4,26942,1,2635,6736,G7 Hibernating,3,流失高風險,0,0.0,0,Low
C0215,270,2,22654,0,1947,11327,G8 Lost,1,沉睡客戶,1,0.8731,1,High
C0216,269,0,73197,1,2381,0,G3 Big Spenders,1,沉睡客戶,1,0.9742,1,High
C0217,11,8,49364,0,1702,6170,G1 VIP(Champions),2,VIP 高頻高額,0,0.0,0,Low
C0218,47,7,29822,1,2420,4260,G2 Loyal,2,VIP 高頻高額,0,0.0,0,Low
C0219,29,5,14268,0,1028,2854,G5 Potential Loyalists,0,穩定中段,0,0.0,0,Low
C0220,39,5,13673,1,1592,2735,G8 Lost,0,穩定中段,0,0.0,0,Low
C0221,58,4,96923,1,261,24231,G3 Big Spenders,3,流失高風險,0,0.0273,0,Low
C0222,52,6,12005,0,613,2001,G8 Lost,0,穩定中段,0,0.0273,0,Low
C0223,47,8,26363,0,1749,3295,G2 Loyal,2,VIP 高頻高額,0,0.0,0,Low
C0224,63,6,31340,2,2181,5223,G6 At Risk,3,流失高風險,0,0.0,0,Low
C0225,2,3,19576,0,118,6525,G4 New/Promising,0,穩定中段,0,0.0,0,Low
C0226,68,3,12070,0,234,4023,G7 Hibernating,0,穩定中段,0,0.5553,1,Medium
C0227,59,9,14053,2,48,1561,G6 At Risk,0,穩定中段,0,0.0,0,Low
C0228,20,4,16605,1,1567,4151,G5 Potential Loyalists,0,穩定中段,0,0.0,0,Low
C0229,11,7,14814,0,1025,2116,G2 Loyal,0,穩定中段,0,0.0,0,Low
C0230,32,11,61661,0,187,5606,G2 Loyal,2,VIP 高頻高額,0,0.0273,0,Low
C0231,91,5,24188,0,2387,4838,G6 At Risk,3,流失高風險,0,0.0,0,Low
C0232,15,12,16871,0,1599,1406,G2 Loyal,2,VIP 高頻高額,0,0.0,0,Low
C0233,64,2,26236,0,59,13118,G7 Hibernating,3,流失高風險,0,0.5553,1,Medium
C0234,134,1,38854,2,2067,38854,G8 Lost,3,流失高風險,0,0.4403,0,Medium
C0235,18,8,19125,0,2736,2391,G2 Loyal,2,VIP 高頻高額,0,0.0,0,Low
C0236,194,1,45770,1,1275,45770,G8 Lost,1,沉睡客戶,0,0.8706,1,High
C0237,185,2,9999,2,2850,5000,G8 Lost,1,沉睡客戶,1,0.8706,1,High
C0238,2,6,55266,1,1268,9211,G3 Big Spenders,3,流失高風險,0,0.0,0,Low
C0239,84,4,24191,0,259,6048,G7 Hibernating,3,流失高風險,0,0.0273,0,Low
C0240,29,7,23538,0,394,3363,G2 Loyal,2,VIP 高頻高額,0,0.0273,0,Low
C0241,27,7,14986,2,228,2141,G2 Loyal,0,穩定中段,0,0.0,0,Low
C0242,88,4,10306,0,926,2576,G7 Hibernating,0,穩定中段,0,0.0273,0,Low
C0243,111,4,7580,0,1172,1895,G7 Hibernating,0,穩定中段,0,0.0,0,Low
C0244,37,8,14272,1,1349,1784,G2 Loyal,0,穩定中段,0,0.0,0,Low
C0245,95,4,36731,0,1457,9183,G7 Hibernating,3,流失高風險,0,0.0,0,Low
C0246,45,4,12421,0,2594,3105,G8 Lost,0,穩定中段,0,0.0,0,Low
C0247,23,10,8234,0,64,823,G2 Loyal,0,穩定中段,0,0.0273,0,Low
C0248,11,11,12883,0,2697,1171,G2 Loyal,2,VIP 高頻高額,0,0.0,0,Low
C0249,62,5,18594,0,739,3719,G6 At Risk,0,穩定中段,0,0.0273,0,Low
C0250,174,1,19113,0,2862,19113,G8 Lost,1,沉睡客戶,0,0.8731,1,High
C0251,120,7,22243,1,431,3178,G6 At Risk,0,穩定中段,0,0.8762,1,High
C0252,14,8,50153,0,327,6269,G1 VIP(Champions),2,VIP 高頻高額,0,0.0273,0,Low
C0253,46,4,58365,0,390,14591,G3 Big Spenders,3,流失高風險,0,0.0273,0,Low
C0254,148,1,99094,0,909,99094,G3 Big Spenders,3,流失高風險,0,0.0,0,Low
C0255,77,2,7805,0,2826,3902,G7 Hibernating,0,穩定中段,0,0.5553,1,Medium
C0256,10,8,13372,0,1404,1672,G2 Loyal,0,穩定中段,0,0.0,0,Low
C0257,282,3,39693,1,520,13231,G8 Lost,1,沉睡客戶,1,0.9742,1,High
C0258,16,7,17715,0,1935,2531,G2 Loyal,0,穩定中段,0,0.0,0,Low
C0259,3,6,44469,0,1538,7412,G5 Potential Loyalists,3,流失高風險,0,0.0,0,Low
C0260,21,7,28141,0,2117,4020,G2 Loyal,2,VIP 高頻高額,0,0.0,0,Low
C0261,22,9,73530,0,2232,8170,G1 VIP(Champions),2,VIP 高頻高額,0,0.0,0,Low
C0262,5,14,50509,1,2364,3608,G1 VIP(Champions),2,VIP 高頻高額,0,0.0,0,Low
C0263,139,0,51160,1,479,0,G3 Big Spenders,3,流失高風險,0,0.8762,1,High
C0264,14,9,18246,2,1502,2027,G2 Loyal,2,VIP 高頻高額,0,0.0,0,Low
C0265,54,5,22738,0,1903,4548,G8 Lost,0,穩定中段,0,0.0,0,Low
C0266,9,9,19660,0,1683,2184,G2 Loyal,2,VIP 高頻高額,0,0.0,0,Low
C0267,23,4,8483,0,2918,2121,G5 Potential Loyalists,0,穩定中段,0,0.0,0,Low
C0268,4,9,68203,0,2882,7578,G1 VIP(Champions),2,VIP 高頻高額,0,0.0,0,Low
C0269,5,9,41018,1,2441,4558,G1 VIP(Champions),2,VIP 高頻高額,0,0.0,0,Low
C0270,1,10,19120,2,742,1912,G2 Loyal,2,VIP 高頻高額,0,0.0,0,Low
C0271,73,8,60671,1,1600,7584,G6 At Risk,3,流失高風險,0,0.0,0,Low
C0272,16,5,15658,1,2417,3132,G5 Potential Loyalists,0,穩定中段,0,0.0,0,Low
C0273,311,1,6723,0,826,6723,G8 Lost,1,沉睡客戶,1,0.8731,1,High
C0274,39,8,49274,0,2144,6159,G2 Loyal,2,VIP 高頻高額,0,0.0,0,Low
C0275,8,8,9947,0,770,1243,G2 Loyal,0,穩定中段,0,0.0273,0,Low
C0276,132,3,21225,2,446,7075,G8 Lost,1,沉睡客戶,0,0.8762,1,High
C0277,25,5,28121,0,742,5624,G5 Potential Loyalists,3,流失高風險,0,0.0273,0,Low
C0278,3,13,31883,0,2781,2453,G1 VIP(Champions),2,VIP 高頻高額,0,0.0,0,Low
C0279,5,3,44085,0,2986,14695,G5 Potential Loyalists,3,流失高風險,0,0.0,0,Low
C0280,22,10,36556,1,2570,3656,G1 VIP(Champions),2,VIP 高頻高額,0,0.0,0,Low
C0281,6,7,35772,0,835,5110,G1 VIP(Champions),2,VIP 高頻高額,0,0.0273,0,Low
C0282,15,2,13995,0,2345,6998,G5 Potential Loyalists,0,穩定中段,0,0.0,0,Low
C0283,306,1,29911,1,678,29911,G8 Lost,1,沉睡客戶,1,0.9742,1,High
C0284,197,2,8486,3,406,4243,G8 Lost,1,沉睡客戶,1,0.8706,1,High
C0285,16,6,72656,0,798,12109,G3 Big Spenders,3,流失高風險,0,0.0273,0,Low
C0286,71,7,9120,2,444,1303,G6 At Risk,0,穩定中段,0,0.0,0,Low
C0287,3,7,19101,0,1932,2729,G2 Loyal,0,穩定中段,0,0.0,0,Low
C0288,170,0,9670,1,2059,0,G8 Lost,1,沉睡客戶,1,0.8706,1,High
C0289,2,8,14602,3,135,1825,G2 Loyal,0,穩定中段,0,0.0,0,Low
C0290,121,1,24573,1,348,24573,G7 Hibernating,1,沉睡客戶,0,0.4403,0,Medium
C0291,11,4,16812,0,1452,4203,G5 Potential Loyalists,0,穩定中段,0,0.0,0,Low
C0292,11,4,54229,0,366,13557,G3 Big Spenders,3,流失高風險,0,0.0273,0,Low
C0293,49,7,28533,0,2489,4076,G2 Loyal,2,VIP 高頻高額,0,0.0,0,Low
C0294,102,1,17605,0,1218,17605,G7 Hibernating,0,穩定中段,0,0.5553,1,Medium
C0295,143,2,22170,2,1256,11085,G8 Lost,1,沉睡客戶,1,0.8762,1,High
C0296,62,5,57170,0,45,11434,G3 Big Spenders,3,流失高風險,0,0.0273,0,Low
C0297,78,3,45991,0,2113,15330,G3 Big Spenders,3,流失高風險,0,0.0,0,Low
C0298,49,6,10969,0,2172,1828,G8 Lost,0,穩定中段,0,0.0,0,Low
C0299,9,7,15117,0,2276,2160,G2 Loyal,0,穩定中段,0,0.0,0,Low
C0300,52,12,33940,0,1634,2828,G2 Loyal,2,VIP 高頻高額,0,0.0,0,Low
C0301,8,10,31175,1,830,3118,G1 VIP(Champions),2,VIP 高頻高額,0,0.0273,0,Low
C0302,45,8,11669,1,262,1459,G2 Loyal,0,穩定中段,0,0.0273,0,Low
C0303,35,5,41126,0,967,8225,G8 Lost,3,流失高風險,0,0.0273,0,Low
C0304,16,8,13048,0,1644,1631,G2 Loyal,0,穩定中段,0,0.0,0,Low
C0305,32,5,60638,1,376,12128,G3 Big Spenders,3,流失高風險,0,0.0273,0,Low
C0306,41,3,35264,0,190,11755,G8 Lost,3,流失高風險,0,0.0,0,Low
C0307,10,9,11022,0,674,1225,G2 Loyal,0,穩定中段,0,0.0273,0,Low
C0308,19,8,16809,0,239,2101,G2 Loyal,0,穩定中段,0,0.0273,0,Low
C0309,19,9,16605,0,72,1845,G2 Loyal,2,VIP 高頻高額,0,0.0273,0,Low
C0310,5,13,27226,0,1471,2094,G2 Loyal,2,VIP 高頻高額,0,0.0,0,Low
C0311,13,8,21104,0,2242,2638,G2 Loyal,2,VIP 高頻高額,0,0.0,0,Low
C0312,46,7,10918,0,1514,1560,G2 Loyal,0,穩定中段,0,0.0,0,Low
C0313,54,3,9173,1,301,3058,G8 Lost,0,穩定中段,0,0.5553,1,Medium
C0314,26,10,35750,1,1036,3575,G1 VIP(Champions),2,VIP 高頻高額,0,0.0,0,Low
C0315,27,4,29743,0,135,7436,G4 New/Promising,3,流失高風險,0,0.0273,0,Low
C0316,18,8,26209,0,1876,3276,G2 Loyal,2,VIP 高頻高額,0,0.0,0,Low
C0317,52,3,29422,0,722,9807,G8 Lost,3,流失高風險,0,0.5553,1,Medium
C0318,18,6,15784,3,1180,2631,G5 Potential Loyalists,0,穩定中段,0,0.0,0,Low
C0319,43,11,27689,1,2708,2517,G2 Loyal,2,VIP 高頻高額,0,0.0,0,Low
C0320,29,9,143912,1,1773,15990,G1 VIP(Champions),3,流失高風險,0,0.0,0,Low
C0321,27,4,55392,1,2301,13848,G3 Big Spenders,3,流失高風險,0,0.0,0,Low
C0322,129,3,19893,0,1068,6631,G8 Lost,0,穩定中段,0,0.0,0,Low
C0323,97,3,16876,3,2794,5625,G7 Hibernating,0,穩定中段,0,0.5553,1,Medium
C0324,43,3,3287,0,2153,1096,G8 Lost,0,穩定中段,0,0.0,0,Low
C0325,54,4,51436,1,1561,12859,G3 Big Spenders,3,流失高風險,0,0.0,0,Low
C0326,7,7,42219,1,1750,6031,G1 VIP(Champions),3,流失高風險,0,0.0,0,Low
C0327,21,5,16636,0,1880,3327,G5 Potential Loyalists,0,穩定中段,0,0.0,0,Low
C0328,59,6,8936,1,505,1489,G6 At Risk,0,穩定中段,0,0.0273,0,Low
C0329,46,6,10843,2,777,1807,G8 Lost,0,穩定中段,0,0.0,0,Low
C0330,11,5,33226,0,2068,6645,G5 Potential Loyalists,3,流失高風險,0,0.0,0,Low
C0331,140,1,22867,0,1339,22867,G8 Lost,1,沉睡客戶,0,0.0,0,Low
C0332,2,9,39502,0,2358,4389,G1 VIP(Champions),2,VIP 高頻高額,0,0.0,0,Low
C0333,50,4,25861,1,1591,6465,G8 Lost,3,流失高風險,0,0.0,0,Low
C0334,231,1,47893,1,225,47893,G3 Big Spenders,1,沉睡客戶,1,0.9742,1,High
C0335,111,3,31530,2,2004,10510,G7 Hibernating,3,流失高風險,0,0.5553,1,Medium
C0336,4,13,43484,0,1841,3345,G1 VIP(Champions),2,VIP 高頻高額,0,0.0,0,Low
C0337,70,0,5638,0,1113,0,G7 Hibernating,0,穩定中段,0,0.5553,1,Medium
C0338,8,11,10259,0,2377,933,G2 Loyal,2,VIP 高頻高額,0,0.0,0,Low
C0339,204,1,18863,1,1071,18863,G8 Lost,1,沉睡客戶,0,0.9742,1,High
C0340,26,8,51829,0,370,6479,G1 VIP(Champions),2,VIP 高頻高額,0,0.0273,0,Low
C0341,254,0,90796,0,390,0,G3 Big Spenders,1,沉睡客戶,0,0.2923,0,Low
C0342,44,6,21699,1,2707,3616,G8 Lost,0,穩定中段,0,0.0,0,Low
C0343,30,4,15865,0,1146,3966,G8 Lost,0,穩定中段,0,0.0,0,Low
C0344,65,11,6195,0,1261,563,G6 At Risk,0,穩定中段,0,0.0,0,Low
C0345,33,5,44556,1,937,8911,G8 Lost,3,流失高風險,0,0.0273,0,Low
C0346,345,1,16562,3,2221,16562,G8 Lost,1,沉睡客戶,1,0.9742,1,High
C0347,334,1,193075,0,1828,193075,G3 Big Spenders,1,沉睡客戶,1,0.2923,0,Low
C0348,241,1,14507,2,2700,14507,G8 Lost,1,沉睡客戶,1,0.9742,1,High
C0349,344,1,106265,1,2686,106265,G3 Big Spenders,1,沉睡客戶,0,0.9742,1,High
C0350,13,8,41104,0,2969,5138,G1 VIP(Champions),2,VIP 高頻高額,0,0.0,0,Low
C0351,26,8,11852,1,1007,1482,G2 Loyal,0,穩定中段,0,0.0,0,Low
C0352,56,4,28638,0,1764,7160,G8 Lost,3,流失高風險,0,0.0,0,Low
C0353,45,6,41771,2,1059,6962,G8 Lost,3,流失高風險,0,0.0,0,Low
C0354,94,2,20792,1,2121,10396,G7 Hibernating,0,穩定中段,0,0.5553,1,Medium
C0355,328,1,43765,1,2252,43765,G8 Lost,1,沉睡客戶,1,0.9742,1,High
C0356,43,6,43095,0,777,7182,G8 Lost,3,流失高風險,0,0.0273,0,Low
C0357,71,3,36954,0,2583,12318,G7 Hibernating,3,流失高風險,0,0.5553,1,Medium
C0358,356,0,24064,1,891,0,G8 Lost,1,沉睡客戶,1,0.9742,1,High
C0359,5,9,10695,0,2950,1188,G2 Loyal,0,穩定中段,0,0.0,0,Low
C0360,24,4,23069,0,2556,5767,G5 Potential Loyalists,0,穩定中段,0,0.0,0,Low
C0361,13,12,27536,1,83,2295,G2 Loyal,2,VIP 高頻高額,0,0.0273,0,Low
C0362,89,5,6547,0,1212,1309,G6 At Risk,0,穩定中段,0,0.0,0,Low
C0363,10,4,27405,1,1183,6851,G5 Potential Loyalists,3,流失高風險,0,0.0,0,Low
C0364,57,7,22748,0,2472,3250,G6 At Risk,0,穩定中段,0,0.0,0,Low
C0365,102,3,9822,0,2181,3274,G7 Hibernating,0,穩定中段,0,0.5553,1,Medium
C0366,6,8,19281,0,180,2410,G2 Loyal,2,VIP 高頻高額,0,0.0273,0,Low
C0367,43,9,19569,0,2526,2174,G2 Loyal,2,VIP 高頻高額,0,0.0,0,Low
C0368,117,2,94002,4,678,47001,G3 Big Spenders,3,流失高風險,0,0.0,0,Low
C0369,23,10,28398,0,1128,2840,G2 Loyal,2,VIP 高頻高額,0,0.0,0,Low
C0370,22,12,50273,0,535,4189,G1 VIP(Champions),2,VIP 高頻高額,0,0.0273,0,Low
C0371,30,8,22416,0,497,2802,G2 Loyal,2,VIP 高頻高額,0,0.0273,0,Low
C0372,9,5,6557,1,1595,1311,G5 Potential Loyalists,0,穩定中段,0,0.0,0,Low
C0373,234,3,38974,0,281,12991,G8 Lost,1,沉睡客戶,0,0.2923,0,Low
C0374,140,3,15356,0,269,5119,G8 Lost,1,沉睡客戶,0,0.0,0,Low
C0375,108,5,19246,1,2363,3849,G6 At Risk,0,穩定中段,0,0.0,0,Low
C0376,132,0,11648,1,1051,0,G8 Lost,1,沉睡客戶,0,0.8762,1,High
C0377,15,15,25615,0,1955,1708,G2 Loyal,2,VIP 高頻高額,0,0.0,0,Low
C0378,60,4,51309,0,2959,12827,G3 Big Spenders,3,流失高風險,0,0.0,0,Low
C0379,196,3,46766,2,181,15589,G3 Big Spenders,1,沉睡客戶,0,0.8706,1,High
C0380,98,7,73890,0,2388,10556,G6 At Risk,3,流失高風險,0,0.0,0,Low
C0381,22,8,81599,0,355,10200,G1 VIP(Champions),3,流失高風險,0,0.0273,0,Low
C0382,30,7,5813,0,2288,830,G2 Loyal,0,穩定中段,0,0.0,0,Low
C0383,140,2,10556,0,938,5278,G8 Lost,0,穩定中段,0,0.0,0,Low
C0384,34,8,6866,0,431,858,G2 Loyal,0,穩定中段,0,0.0273,0,Low
C0385,15,9,37887,1,709,4210,G1 VIP(Champions),2,VIP 高頻高額,0,0.0273,0,Low
C0386,14,6,14986,1,1112,2498,G5 Potential Loyalists,0,穩定中段,0,0.0,0,Low
C0387,216,2,17285,2,2197,8642,G8 Lost,1,沉睡客戶,0,0.9742,1,High
C0388,157,2,20918,0,2051,10459,G8 Lost,1,沉睡客戶,1,0.8731,1,High
C0389,9,8,31818,0,2194,3977,G1 VIP(Champions),2,VIP 高頻高額,0,0.0,0,Low
C0390,54,3,8607,1,94,2869,G8 Lost,0,穩定中段,0,0.5553,1,Medium
C0391,118,2,10085,0,2926,5042,G7 Hibernating,0,穩定中段,0,0.5553,1,Medium
C0392,1,8,24365,0,1318,3046,G2 Loyal,2,VIP 高頻高額,0,0.0,0,Low
C0393,25,8,56338,0,360,7042,G1 VIP(Champions),2,VIP 高頻高額,0,0.0273,0,Low
C0394,61,4,23914,1,2787,5978,G7 Hibernating,0,穩定中段,0,0.0,0,Low
C0395,102,1,13986,1,2384,13986,G7 Hibernating,0,穩定中段,0,0.5553,1,Medium
C0396,183,0,5411,0,274,0,G8 Lost,1,沉睡客戶,1,0.8731,1,High
C0397,15,9,47423,1,1327,5269,G1 VIP(Champions),2,VIP 高頻高額,0,0.0,0,Low
C0398,3,8,14543,0,2721,1818,G2 Loyal,0,穩定中段,0,0.0,0,Low
C0399,162,2,10903,4,2057,5452,G8 Lost,1,沉睡客戶,1,0.8706,1,High
C0400,36,6,7327,0,607,1221,G8 Lost,0,穩定中段,0,0.0273,0,Low
C0401,12,10,8890,0,2110,889,G2 Loyal,0,穩定中段,0,0.0,0,Low
C0402,19,4,12421,3,591,3105,G5 Potential Loyalists,0,穩定中段,1,0.4523,0,Medium
C0403,64,5,20595,1,1074,4119,G6 At Risk,0,穩定中段,0,0.0,0,Low
C0404,1,6,10445,0,610,1741,G5 Potential Loyalists,0,穩定中段,0,0.0273,0,Low
C0405,354,0,27722,2,2089,0,G8 Lost,1,沉睡客戶,0,0.9742,1,High
C0406,1,9,20486,1,2795,2276,G2 Loyal,2,VIP 高頻高額,0,0.0,0,Low
C0407,43,8,115312,0,162,14414,G2 Loyal,3,流失高風險,0,0.0273,0,Low
C0408,3,9,206581,1,1823,22953,G1 VIP(Champions),3,流失高風險,0,0.0,0,Low
C0409,14,12,27256,1,767,2271,G2 Loyal,2,VIP 高頻高額,0,0.0273,0,Low
C0410,26,8,27496,0,2259,3437,G2 Loyal,2,VIP 高頻高額,0,0.0,0,Low
C0411,98,2,11833,0,443,5916,G7 Hibernating,0,穩定中段,0,0.5553,1,Medium
C0412,10,11,26021,0,1118,2366,G2 Loyal,2,VIP 高頻高額,0,0.0,0,Low
C0413,168,2,41719,3,641,20860,G8 Lost,1,沉睡客戶,0,0.8706,1,High
C0414,98,2,26044,1,2623,13022,G7 Hibernating,3,流失高風險,0,0.5553,1,Medium
C0415,4,7,64159,0,275,9166,G1 VIP(Champions),3,流失高風險,0,0.0273,0,Low
C0416,0,11,5301,1,1758,482,G2 Loyal,0,穩定中段,0,0.0,0,Low
C0417,8,2,13500,2,387,6750,G5 Potential Loyalists,0,穩定中段,0,0.0,0,Low
C0418,44,7,68360,0,1811,9766,G2 Loyal,3,流失高風險,0,0.0,0,Low
C0419,278,2,46093,0,2310,23046,G3 Big Spenders,1,沉睡客戶,0,0.2923,0,Low
C0420,16,4,35538,0,2264,8884,G5 Potential Loyalists,3,流失高風險,0,0.0,0,Low
C0421,63,5,57714,0,129,11543,G3 Big Spenders,3,流失高風險,0,0.0273,0,Low
C0422,4,5,6364,0,2327,1273,G5 Potential Loyalists,0,穩定中段,0,0.0,0,Low
C0423,70,5,42486,0,911,8497,G6 At Risk,3,流失高風險,0,0.0273,0,Low
C0424,89,4,51280,1,2055,12820,G3 Big Spenders,3,流失高風險,0,0.0,0,Low
C0425,100,2,15351,0,2892,7676,G7 Hibernating,0,穩定中段,0,0.5553,1,Medium
C0426,101,2,153348,0,383,76674,G3 Big Spenders,3,流失高風險,0,0.0,0,Low
C0427,74,7,27930,1,1107,3990,G6 At Risk,3,流失高風險,0,0.0,0,Low
C0428,4,9,5245,0,2604,583,G2 Loyal,0,穩定中段,0,0.0,0,Low
C0429,37,4,31789,0,450,7947,G8 Lost,3,流失高風險,0,0.0273,0,Low
C0430,20,2,14707,2,804,7354,G5 Potential Loyalists,0,穩定中段,0,0.0,0,Low
C0431,21,7,55022,0,1660,7860,G1 VIP(Champions),3,流失高風險,0,0.0,0,Low
C0432,101,3,35723,1,2988,11908,G7 Hibernating,3,流失高風險,0,0.5553,1,Medium
C0433,97,2,16018,0,905,8009,G7 Hibernating,0,穩定中段,0,0.5553,1,Medium
C0434,53,10,69683,1,1174,6968,G2 Loyal,2,VIP 高頻高額,0,0.0,0,Low
C0435,11,4,46987,0,2393,11747,G3 Big Spenders,3,流失高風險,0,0.0,0,Low
C0436,50,10,13636,1,386,1364,G2 Loyal,2,VIP 高頻高額,0,0.0273,0,Low
C0437,13,10,21885,0,1003,2188,G2 Loyal,2,VIP 高頻高額,0,0.0,0,Low
C0438,355,1,34956,1,968,34956,G8 Lost,1,沉睡客戶,1,0.9742,1,High
C0439,9,9,18864,0,1221,2096,G2 Loyal,2,VIP 高頻高額,0,0.0,0,Low
C0440,53,4,19263,2,1733,4816,G8 Lost,0,穩定中段,0,0.4523,0,Medium
C0441,306,2,24977,0,688,12488,G8 Lost,1,沉睡客戶,1,0.8731,1,High
C0442,4,7,11544,1,1192,1649,G2 Loyal,0,穩定中段,0,0.0,0,Low
C0443,62,4,5100,1,2753,1275,G7 Hibernating,0,穩定中段,0,0.0,0,Low
C0444,6,7,28779,0,2491,4111,G2 Loyal,2,VIP 高頻高額,0,0.0,0,Low
C0445,192,1,6050,0,2870,6050,G8 Lost,1,沉睡客戶,1,0.8731,1,High
C0446,30,7,12147,0,2056,1735,G2 Loyal,0,穩定中段,0,0.0,0,Low
C0447,16,9,7044,1,1759,783,G2 Loyal,0,穩定中段,0,0.0,0,Low
C0448,9,7,7678,0,663,1097,G2 Loyal,0,穩定中段,0,0.0273,0,Low
C0449,33,8,32809,1,501,4101,G2 Loyal,2,VIP 高頻高額,0,0.0273,0,Low
C0450,63,3,20835,1,1630,6945,G7 Hibernating,0,穩定中段,0,0.5553,1,Medium
C0451,80,5,20315,1,1232,4063,G6 At Risk,0,穩定中段,0,0.0,0,Low
C0452,277,0,9690,2,2368,0,G8 Lost,1,沉睡客戶,1,0.9742,1,High
C0453,152,1,15381,2,58,15381,G8 Lost,1,沉睡客戶,0,0.4403,0,Medium
C0454,70,2,31682,0,2676,15841,G7 Hibernating,3,流失高風險,0,0.5553,1,Medium
C0455,286,1,23471,2,536,23471,G8 Lost,1,沉睡客戶,1,0.9742,1,High
C0456,146,2,43298,0,1202,21649,G8 Lost,3,流失高風險,0,0.0,0,Low
C0457,18,10,47837,0,1087,4784,G1 VIP(Champions),2,VIP 高頻高額,0,0.0,0,Low
C0458,201,3,20403,2,2775,6801,G8 Lost,1,沉睡客戶,1,0.8706,1,High
C0459,14,10,6657,1,2169,666,G2 Loyal,0,穩定中段,0,0.0,0,Low
C0460,278,2,14333,0,136,7166,G8 Lost,1,沉睡客戶,0,0.8731,1,High
C0461,52,7,22734,0,2563,3248,G2 Loyal,0,穩定中段,0,0.0,0,Low
C0462,3,10,14136,0,2039,1414,G2 Loyal,2,VIP 高頻高額,0,0.0,0,Low
C0463,119,2,11635,1,232,5818,G7 Hibernating,0,穩定中段,1,0.8762,1,High
C0464,20,12,25561,0,2352,2130,G2 Loyal,2,VIP 高頻高額,0,0.0,0,Low
C0465,166,3,133414,0,130,44471,G3 Big Spenders,3,流失高風險,0,0.2923,0,Low
C0466,3,14,17297,2,1292,1236,G2 Loyal,2,VIP 高頻高額,0,0.0,0,Low
C0467,1,8,24295,0,511,3037,G2 Loyal,2,VIP 高頻高額,0,0.0273,0,Low
C0468,1,12,9716,1,62,810,G2 Loyal,2,VIP 高頻高額,0,0.0273,0,Low
C0469,350,1,58127,3,1691,58127,G3 Big Spenders,1,沉睡客戶,1,0.9742,1,High
C0470,194,0,44906,0,2070,0,G8 Lost,1,沉睡客戶,0,0.2923,0,Low
C0471,46,5,42788,0,1454,8558,G8 Lost,3,流失高風險,0,0.0,0,Low
C0472,103,4,63061,0,1047,15765,G3 Big Spenders,3,流失高風險,0,0.0,0,Low
C0473,53,3,18049,0,1555,6016,G8 Lost,0,穩定中段,0,0.5553,1,Medium
C0474,49,6,19699,1,480,3283,G8 Lost,0,穩定中段,0,0.0273,0,Low
C0475,25,5,80573,0,178,16115,G3 Big Spenders,3,流失高風險,0,0.0273,0,Low
C0476,44,8,37908,0,496,4738,G2 Loyal,2,VIP 高頻高額,0,0.0273,0,Low
C0477,36,2,5149,0,191,2574,G8 Lost,0,穩定中段,0,0.0,0,Low
C0478,183,1,33469,1,2314,33469,G8 Lost,1,沉睡客戶,0,0.8706,1,High
C0479,12,10,16201,1,1837,1620,G2 Loyal,2,VIP 高頻高額,0,0.0,0,Low
C0480,12,11,45648,0,586,4150,G1 VIP(Champions),2,VIP 高頻高額,0,0.0273,0,Low
C0481,3,13,32394,1,1722,2492,G1 VIP(Champions),2,VIP 高頻高額,0,0.0,0,Low
C0482,294,3,7198,3,1467,2399,G8 Lost,1,沉睡客戶,1,0.9742,1,High
C0483,3,8,29383,0,360,3673,G2 Loyal,2,VIP 高頻高額,0,0.0273,0,Low
C0484,68,8,28210,0,2912,3526,G6 At Risk,2,VIP 高頻高額,0,0.0,0,Low
C0485,281,1,31396,2,2815,31396,G8 Lost,1,沉睡客戶,1,0.9742,1,High
C0486,5,7,36420,1,2283,5203,G1 VIP(Champions),2,VIP 高頻高額,0,0.0,0,Low
C0487,4,9,69368,0,2431,7708,G1 VIP(Champions),2,VIP 高頻高額,0,0.0,0,Low
C0488,141,2,32524,2,1655,16262,G8 Lost,1,沉睡客戶,0,0.4403,0,Medium
C0489,14,9,24736,0,2417,2748,G2 Loyal,2,VIP 高頻高額,0,0.0,0,Low
C0490,32,4,54371,2,1598,13593,G3 Big Spenders,3,流失高風險,0,0.4523,0,Medium
C0491,28,3,116999,1,523,39000,G3 Big Spenders,3,流失高風險,0,0.0,0,Low
C0492,57,4,46191,1,526,11548,G3 Big Spenders,3,流失高風險,0,0.0273,0,Low
C0493,231,0,28123,2,2566,0,G8 Lost,1,沉睡客戶,1,0.9742,1,High
C0494,103,6,32951,0,1355,5492,G6 At Risk,3,流失高風險,0,0.0,0,Low
C0495,8,8,29121,0,2196,3640,G2 Loyal,2,VIP 高頻高額,0,0.0,0,Low
C0496,275,0,24661,2,460,0,G8 Lost,1,沉睡客戶,1,0.9742,1,High
C0497,19,7,110815,1,1360,15831,G1 VIP(Champions),3,流失高風險,0,0.0,0,Low
C0498,32,11,14410,1,278,1310,G2 Loyal,2,VIP 高頻高額,0,0.0273,0,Low
C0499,159,2,54635,0,685,27318,G3 Big Spenders,3,流失高風險,0,0.2923,0,Low
C0500,24,9,22290,2,354,2477,G2 Loyal,2,VIP 高頻高額,0,0.0,0,Low
C0501,53,9,8636,0,648,960,G2 Loyal,0,穩定中段,0,0.0273,0,Low
C0502,29,3,21337,0,1831,7112,G5 Potential Loyalists,0,穩定中段,0,0.0,0,Low
C0503,9,6,16602,1,46,2767,G5 Potential Loyalists,0,穩定中段,0,0.0273,0,Low
C0504,1,5,36472,1,604,7294,G5 Potential Loyalists,3,流失高風險,0,0.0273,0,Low
C0505,70,5,25950,1,2082,5190,G6 At Risk,3,流失高風險,0,0.0,0,Low
C0506,285,1,11903,0,473,11903,G8 Lost,1,沉睡客戶,0,0.8731,1,High
C0507,186,0,68166,1,1680,0,G3 Big Spenders,1,沉睡客戶,0,0.8706,1,High
C0508,41,4,52213,1,2605,13053,G3 Big Spenders,3,流失高風險,0,0.0,0,Low
C0509,17,8,73883,0,2346,9235,G1 VIP(Champions),3,流失高風險,0,0.0,0,Low
C0510,28,6,28735,1,392,4789,G5 Potential Loyalists,3,流失高風險,0,0.0273,0,Low
C0511,187,1,23742,0,468,23742,G8 Lost,1,沉睡客戶,0,0.8731,1,High
C0512,1,8,39835,0,2125,4979,G1 VIP(Champions),2,VIP 高頻高額,0,0.0,0,Low
C0513,99,5,16249,0,1059,3250,G6 At Risk,0,穩定中段,0,0.0,0,Low
C0514,183,1,26663,1,1268,26663,G8 Lost,1,沉睡客戶,0,0.8706,1,High
C0515,31,9,21526,0,1445,2392,G2 Loyal,2,VIP 高頻高額,0,0.0,0,Low
C0516,19,6,8754,0,1749,1459,G5 Potential Loyalists,0,穩定中段,0,0.0,0,Low
C0517,102,5,26615,3,1364,5323,G6 At Risk,3,流失高風險,0,0.4523,0,Medium
C0518,24,9,17878,0,99,1986,G2 Loyal,2,VIP 高頻高額,0,0.0273,0,Low
C0519,44,6,20542,0,310,3424,G8 Lost,0,穩定中段,0,0.0273,0,Low
C0520,93,3,31403,1,30,10468,G7 Hibernating,3,流失高風險,0,0.5553,1,Medium
C0521,19,11,59324,0,816,5393,G1 VIP(Champions),2,VIP 高頻高額,0,0.0273,0,Low
C0522,87,4,393555,0,2457,98389,G3 Big Spenders,3,流失高風險,0,0.0,0,Low
C0523,51,3,19234,1,2916,6411,G8 Lost,0,穩定中段,0,0.5553,1,Medium
C0524,46,8,14249,0,1442,1781,G2 Loyal,0,穩定中段,0,0.0,0,Low
C0525,79,5,13614,2,110,2723,G6 At Risk,0,穩定中段,0,0.4523,0,Medium
C0526,1,2,16055,1,241,8028,G4 New/Promising,0,穩定中段,0,0.0,0,Low
C0527,160,3,21215,1,2450,7072,G8 Lost,1,沉睡客戶,1,0.8706,1,High
C0528,10,5,36685,1,1050,7337,G5 Potential Loyalists,3,流失高風險,0,0.0,0,Low
C0529,15,9,30464,0,2648,3385,G1 VIP(Champions),2,VIP 高頻高額,0,0.0,0,Low
C0530,19,12,11617,0,1533,968,G2 Loyal,2,VIP 高頻高額,0,0.0,0,Low
C0531,12,11,60229,1,2641,5475,G1 VIP(Champions),2,VIP 高頻高額,0,0.0,0,Low
C0532,27,8,47150,1,432,5894,G1 VIP(Champions),2,VIP 高頻高額,0,0.0273,0,Low
C0533,16,11,12954,0,2578,1178,G2 Loyal,2,VIP 高頻高額,0,0.0,0,Low
C0534,25,5,57347,0,1652,11469,G3 Big Spenders,3,流失高風險,0,0.0,0,Low
C0535,29,6,30603,0,1329,5100,G5 Potential Loyalists,3,流失高風險,0,0.0,0,Low
C0536,12,9,21818,0,1600,2424,G2 Loyal,2,VIP 高頻高額,0,0.0,0,Low
C0537,44,8,31278,0,1001,3910,G2 Loyal,2,VIP 高頻高額,0,0.0,0,Low
C0538,53,4,23908,2,1820,5977,G8 Lost,0,穩定中段,0,0.4523,0,Medium
C0539,70,6,35652,1,2316,5942,G6 At Risk,3,流失高風險,0,0.0,0,Low
C0540,10,6,27754,1,2436,4626,G5 Potential Loyalists,3,流失高風險,0,0.0,0,Low
C0541,45,4,19222,0,2935,4806,G8 Lost,0,穩定中段,0,0.0,0,Low
C0542,62,6,5895,0,1255,982,G6 At Risk,0,穩定中段,0,0.0,0,Low
C0543,2,5,35208,0,2313,7042,G5 Potential Loyalists,3,流失高風險,0,0.0,0,Low
C0544,201,2,18740,1,2669,9370,G8 Lost,1,沉睡客戶,1,0.8706,1,High
C0545,43,8,41964,0,82,5246,G2 Loyal,2,VIP 高頻高額,0,0.0273,0,Low
C0546,201,0,34104,1,1439,0,G8 Lost,1,沉睡客戶,0,0.8706,1,High
C0547,83,3,19085,0,2111,6362,G7 Hibernating,0,穩定中段,0,0.5553,1,Medium
C0548,58,11,49816,0,1387,4529,G6 At Risk,2,VIP 高頻高額,0,0.0,0,Low
C0549,231,2,28096,0,327,14048,G8 Lost,1,沉睡客戶,0,0.8731,1,High
C0550,27,12,27297,1,1977,2275,G2 Loyal,2,VIP 高頻高額,0,0.0,0,Low
C0551,151,2,22100,0,1236,11050,G8 Lost,1,沉睡客戶,0,0.0,0,Low
C0552,36,9,79102,0,1864,8789,G2 Loyal,2,VIP 高頻高額,0,0.0,0,Low
C0553,64,7,14775,2,34,2111,G6 At Risk,0,穩定中段,0,0.0,0,Low
C0554,111,5,19421,1,63,3884,G6 At Risk,0,穩定中段,0,0.0273,0,Low
C0555,27,8,10238,0,1820,1280,G2 Loyal,0,穩定中段,0,0.0,0,Low
C0556,4,9,40486,2,2947,4498,G1 VIP(Champions),2,VIP 高頻高額,0,0.0,0,Low
C0557,11,10,16196,1,1929,1620,G2 Loyal,2,VIP 高頻高額,0,0.0,0,Low
C0558,30,5,17518,1,2829,3504,G8 Lost,0,穩定中段,0,0.0,0,Low
C0559,26,5,16952,0,2546,3390,G5 Potential Loyalists,0,穩定中段,0,0.0,0,Low
C0560,37,12,25436,1,865,2120,G2 Loyal,2,VIP 高頻高額,0,0.0273,0,Low
C0561,59,0,10142,0,333,0,G7 Hibernating,0,穩定中段,0,0.5553,1,Medium
C0562,167,1,5063,0,1688,5063,G8 Lost,1,沉睡客戶,0,0.8731,1,High
C0563,48,3,33537,1,1872,11179,G8 Lost,3,流失高風險,0,0.5553,1,Medium
C0564,129,2,5544,0,2318,2772,G8 Lost,0,穩定中段,0,0.4785,0,Medium
C0565,167,0,44263,1,1577,0,G8 Lost,1,沉睡客戶,0,0.8706,1,High
C0566,253,3,72473,0,2763,24158,G3 Big Spenders,1,沉睡客戶,0,0.2923,0,Low
C0567,88,3,21699,0,2536,7233,G7 Hibernating,0,穩定中段,0,0.5553,1,Medium
C0568,23,3,60454,1,1770,20151,G3 Big Spenders,3,流失高風險,0,0.0,0,Low
C0569,152,1,23933,0,1667,23933,G8 Lost,1,沉睡客戶,0,0.4785,0,Medium
C0570,38,3,74568,0,86,24856,G3 Big Spenders,3,流失高風險,0,0.0,0,Low
C0571,117,5,17688,2,2349,3538,G6 At Risk,0,穩定中段,0,0.4523,0,Medium
C0572,7,10,4650,2,2051,465,G2 Loyal,0,穩定中段,0,0.0,0,Low
C0573,20,6,23019,0,2691,3836,G5 Potential Loyalists,0,穩定中段,0,0.0,0,Low
C0574,45,2,80465,0,306,40232,G3 Big Spenders,3,流失高風險,0,0.0,0,Low
C0575,26,11,35400,1,463,3218,G1 VIP(Champions),2,VIP 高頻高額,0,0.0273,0,Low
C0576,289,0,16971,1,2023,0,G8 Lost,1,沉睡客戶,1,0.9742,1,High
C0577,351,1,30645,1,1483,30645,G8 Lost,1,沉睡客戶,0,0.9742,1,High
C0578,35,10,48040,0,1774,4804,G2 Loyal,2,VIP 高頻高額,0,0.0,0,Low
C0579,13,9,22927,0,1320,2547,G2 Loyal,2,VIP 高頻高額,0,0.0,0,Low
C0580,22,5,153043,1,1932,30609,G3 Big Spenders,3,流失高風險,0,0.0,0,Low
C0581,1,14,16946,0,1985,1210,G2 Loyal,2,VIP 高頻高額,0,0.0,0,Low
C0582,36,5,49107,0,592,9821,G3 Big Spenders,3,流失高風險,0,0.0273,0,Low
C0583,74,5,41496,0,2288,8299,G6 At Risk,3,流失高風險,0,0.0,0,Low
C0584,36,6,14915,1,1496,2486,G8 Lost,0,穩定中段,0,0.0,0,Low
C0585,67,6,18086,2,1739,3014,G6 At Risk,0,穩定中段,0,0.0,0,Low
C0586,30,13,49646,1,1865,3819,G2 Loyal,2,VIP 高頻高額,0,0.0,0,Low
C0587,66,7,26940,0,2241,3849,G6 At Risk,2,VIP 高頻高額,0,0.0,0,Low
C0588,32,5,30843,0,921,6169,G8 Lost,3,流失高風險,0,0.0273,0,Low
C0589,46,1,7745,0,50,7745,G8 Lost,0,穩定中段,0,0.0,0,Low
C0590,87,6,38530,1,569,6422,G6 At Risk,3,流失高風險,0,0.0273,0,Low
C0591,198,0,29766,0,2898,0,G8 Lost,1,沉睡客戶,1,0.8731,1,High
C0592,24,6,23278,0,691,3880,G5 Potential Loyalists,0,穩定中段,0,0.0273,0,Low
C0593,155,4,31339,2,770,7835,G8 Lost,3,流失高風險,0,0.8706,1,High
C0594,225,3,18280,0,2578,6093,G8 Lost,1,沉睡客戶,0,0.8731,1,High
C0595,41,1,16085,0,730,16085,G8 Lost,0,穩定中段,0,0.0,0,Low
C0596,32,5,20551,1,1409,4110,G8 Lost,0,穩定中段,0,0.0,0,Low
C0597,341,1,17590,0,1130,17590,G8 Lost,1,沉睡客戶,1,0.8731,1,High
C0598,83,5,112013,0,1993,22403,G3 Big Spenders,3,流失高風險,0,0.0,0,Low
C0599,144,2,46088,1,1795,23044,G3 Big Spenders,3,流失高風險,1,0.4403,0,Medium
C0600,189,1,12358,0,1559,12358,G8 Lost,1,沉睡客戶,0,0.8731,1,High
C0601,36,4,101256,0,1519,25314,G3 Big Spenders,3,流失高風險,0,0.0,0,Low
C0602,66,4,17980,1,2507,4495,G7 Hibernating,0,穩定中段,0,0.0,0,Low
C0603,40,8,24850,0,1756,3106,G2 Loyal,2,VIP 高頻高額,0,0.0,0,Low
C0604,131,5,45624,0,1540,9125,G8 Lost,3,流失高風險,0,0.0,0,Low
C0605,26,8,6130,0,2665,766,G2 Loyal,0,穩定中段,0,0.0,0,Low
C0606,1,8,20621,2,307,2578,G2 Loyal,2,VIP 高頻高額,0,0.0,0,Low
C0607,297,0,16296,1,2505,0,G8 Lost,1,沉睡客戶,1,0.9742,1,High
C0608,47,6,28101,0,618,4684,G8 Lost,3,流失高風險,0,0.0273,0,Low
C0609,124,3,31541,1,1015,10514,G7 Hibernating,3,流失高風險,0,0.8762,1,High
C0610,182,4,23061,1,69,5765,G8 Lost,1,沉睡客戶,0,0.8706,1,High
C0611,70,5,22325,0,1726,4465,G6 At Risk,0,穩定中段,0,0.0,0,Low
C0612,22,9,51307,1,2499,5701,G1 VIP(Champions),2,VIP 高頻高額,0,0.0,0,Low
C0613,29,10,30063,0,1163,3006,G1 VIP(Champions),2,VIP 高頻高額,0,0.0,0,Low
C0614,4,10,25059,1,1999,2506,G2 Loyal,2,VIP 高頻高額,0,0.0,0,Low
C0615,107,1,26998,0,1197,26998,G7 Hibernating,3,流失高風險,0,0.5553,1,Medium
C0616,53,8,88003,0,2284,11000,G2 Loyal,3,流失高風險,0,0.0,0,Low
C0617,124,5,27471,0,2995,5494,G6 At Risk,3,流失高風險,0,0.4785,0,Medium
C0618,109,3,16982,0,2153,5661,G7 Hibernating,0,穩定中段,0,0.5553,1,Medium
C0619,2,8,6398,0,1040,800,G2 Loyal,0,穩定中段,0,0.0,0,Low
C0620,79,1,8922,0,2478,8922,G7 Hibernating,0,穩定中段,0,0.5553,1,Medium
C0621,7,12,17555,0,142,1463,G2 Loyal,2,VIP 高頻高額,0,0.0273,0,Low
C0622,3,10,22565,2,2961,2256,G2 Loyal,2,VIP 高頻高額,0,0.0,0,Low
C0623,51,5,16499,3,2523,3300,G8 Lost,0,穩定中段,1,0.4523,0,Medium
C0624,27,5,31126,0,1970,6225,G5 Potential Loyalists,3,流失高風險,0,0.0,0,Low
C0625,71,1,16351,0,1873,16351,G7 Hibernating,0,穩定中段,1,0.5553,1,Medium
C0626,147,1,12834,2,779,12834,G8 Lost,1,沉睡客戶,1,0.8762,1,High
C0627,25,10,37378,1,1311,3738,G1 VIP(Champions),2,VIP 高頻高額,0,0.0,0,Low
C0628,42,4,63486,0,331,15872,G3 Big Spenders,3,流失高風險,0,0.0273,0,Low
C0629,0,11,11215,1,1036,1020,G2 Loyal,2,VIP 高頻高額,0,0.0,0,Low
C0630,10,7,28871,2,1781,4124,G2 Loyal,2,VIP 高頻高額,0,0.0,0,Low
C0631,306,3,6416,1,1105,2139,G8 Lost,1,沉睡客戶,0,0.9742,1,High
C0632,1,4,8672,1,2319,2168,G5 Potential Loyalists,0,穩定中段,0,0.0,0,Low
C0633,47,7,16121,0,2563,2303,G2 Loyal,0,穩定中段,0,0.0,0,Low
C0634,45,7,53876,0,1697,7697,G2 Loyal,3,流失高風險,0,0.0,0,Low
C0635,4,12,14114,0,1042,1176,G2 Loyal,2,VIP 高頻高額,0,0.0,0,Low
C0636,117,1,13749,0,931,13749,G7 Hibernating,0,穩定中段,0,0.5553,1,Medium
C0637,65,6,24966,0,1653,4161,G6 At Risk,0,穩定中段,0,0.0,0,Low
C0638,327,1,24983,1,2167,24983,G8 Lost,1,沉睡客戶,1,0.9742,1,High
C0639,7,10,14050,2,406,1405,G2 Loyal,2,VIP 高頻高額,0,0.0,0,Low
C0640,63,1,97768,1,1360,97768,G3 Big Spenders,3,流失高風險,0,0.0,0,Low
C0641,134,3,20216,1,1338,6739,G8 Lost,1,沉睡客戶,0,0.8762,1,High
C0642,137,4,26358,0,881,6590,G8 Lost,3,流失高風險,0,0.0,0,Low
C0643,30,4,18375,0,736,4594,G8 Lost,0,穩定中段,0,0.0273,0,Low
C0644,310,1,33123,0,2528,33123,G8 Lost,1,沉睡客戶,1,0.8731,1,High
C0645,15,13,57784,0,1314,4445,G1 VIP(Champions),2,VIP 高頻高額,0,0.0,0,Low
C0646,29,4,78008,1,1742,19502,G3 Big Spenders,3,流失高風險,0,0.0,0,Low
C0647,63,5,14277,0,143,2855,G6 At Risk,0,穩定中段,0,0.0273,0,Low
C0648,212,0,52604,0,871,0,G3 Big Spenders,1,沉睡客戶,0,0.2923,0,Low
C0649,1,8,35767,0,694,4471,G1 VIP(Champions),2,VIP 高頻高額,0,0.0273,0,Low
C0650,2,8,48155,0,1005,6019,G1 VIP(Champions),2,VIP 高頻高額,0,0.0,0,Low
C0651,28,11,22827,0,2529,2075,G2 Loyal,2,VIP 高頻高額,0,0.0,0,Low
C0652,68,4,21356,0,1727,5339,G7 Hibernating,0,穩定中段,0,0.0,0,Low
C0653,42,7,46864,2,2709,6695,G2 Loyal,3,流失高風險,0,0.0,0,Low
C0654,9,4,47490,0,1286,11872,G3 Big Spenders,3,流失高風險,0,0.0,0,Low
C0655,73,5,72839,1,2316,14568,G3 Big Spenders,3,流失高風險,0,0.0,0,Low
C0656,152,2,27973,1,506,13986,G8 Lost,1,沉睡客戶,0,0.4403,0,Medium
C0657,194,1,22588,0,2451,22588,G8 Lost,1,沉睡客戶,1,0.8731,1,High
C0658,29,16,4351,0,1843,272,G2 Loyal,2,VIP 高頻高額,0,0.0,0,Low
C0659,27,12,7880,1,145,657,G2 Loyal,2,VIP 高頻高額,0,0.0273,0,Low
C0660,16,4,18472,1,2076,4618,G5 Potential Loyalists,0,穩定中段,0,0.0,0,Low
C0661,19,9,11263,0,1453,1251,G2 Loyal,0,穩定中段,0,0.0,0,Low
C0662,16,9,43040,0,30,4782,G1 VIP(Champions),2,VIP 高頻高額,0,0.0273,0,Low
C0663,162,0,9730,1,2545,0,G8 Lost,1,沉睡客戶,1,0.8706,1,High
C0664,364,0,17139,2,1624,0,G8 Lost,1,沉睡客戶,1,0.9742,1,High
C0665,15,6,17616,2,1831,2936,G5 Potential Loyalists,0,穩定中段,0,0.0,0,Low
C0666,98,5,56575,1,1744,11315,G3 Big Spenders,3,流失高風險,0,0.0,0,Low
C0667,17,12,15903,1,299,1325,G2 Loyal,2,VIP 高頻高額,0,0.0273,0,Low
C0668,12,12,33413,2,1016,2784,G1 VIP(Champions),2,VIP 高頻高額,0,0.0,0,Low
C0669,70,3,27917,0,2114,9306,G7 Hibernating,3,流失高風險,0,0.5553,1,Medium
C0670,23,7,45812,1,1036,6545,G1 VIP(Champions),3,流失高風險,0,0.0,0,Low
C0671,64,6,44141,2,2668,7357,G6 At Risk,3,流失高風險,0,0.0,0,Low
C0672,52,6,23780,0,973,3963,G8 Lost,0,穩定中段,0,0.0273,0,Low
C0673,52,2,7425,0,1394,3712,G8 Lost,0,穩定中段,1,0.5553,1,Medium
C0674,16,9,20698,0,1352,2300,G2 Loyal,2,VIP 高頻高額,0,0.0,0,Low
C0675,136,1,24005,2,86,24005,G8 Lost,1,沉睡客戶,0,0.4403,0,Medium
C0676,323,1,29739,2,2441,29739,G8 Lost,1,沉睡客戶,1,0.9742,1,High
C0677,61,6,14526,2,432,2421,G6 At Risk,0,穩定中段,0,0.0,0,Low
C0678,55,4,54102,0,1423,13526,G3 Big Spenders,3,流失高風險,0,0.0,0,Low
C0679,27,14,24576,0,2726,1755,G2 Loyal,2,VIP 高頻高額,0,0.0,0,Low
C0680,277,0,12780,1,2981,0,G8 Lost,1,沉睡客戶,1,0.9742,1,High
C0681,33,7,17663,0,713,2523,G2 Loyal,0,穩定中段,0,0.0273,0,Low
C0682,8,6,93899,1,1147,15650,G3 Big Spenders,3,流失高風險,0,0.0,0,Low
C0683,16,10,38757,2,1710,3876,G1 VIP(Champions),2,VIP 高頻高額,0,0.0,0,Low
C0684,300,0,50712,0,2106,0,G3 Big Spenders,1,沉睡客戶,0,0.2923,0,Low
C0685,49,8,11742,1,772,1468,G2 Loyal,0,穩定中段,0,0.0273,0,Low
C0686,5,10,15030,0,1660,1503,G2 Loyal,2,VIP 高頻高額,0,0.0,0,Low
C0687,4,8,15108,1,2507,1888,G2 Loyal,0,穩定中段,0,0.0,0,Low
C0688,10,11,27697,0,2293,2518,G2 Loyal,2,VIP 高頻高額,0,0.0,0,Low
C0689,294,1,21551,2,2471,21551,G8 Lost,1,沉睡客戶,1,0.9742,1,High
C0690,8,11,17281,0,2668,1571,G2 Loyal,2,VIP 高頻高額,0,0.0,0,Low
C0691,59,4,18867,2,2588,4717,G7 Hibernating,0,穩定中段,0,0.4523,0,Medium
C0692,35,8,13963,0,1549,1745,G2 Loyal,0,穩定中段,0,0.0,0,Low
C0693,230,0,21464,1,2923,0,G8 Lost,1,沉睡客戶,1,0.9742,1,High
C0694,154,2,53064,0,1498,26532,G3 Big Spenders,3,流失高風險,0,0.0,0,Low
C0695,32,5,8441,0,2137,1688,G8 Lost,0,穩定中段,0,0.0,0,Low
C0696,29,4,31025,0,2829,7756,G5 Potential Loyalists,3,流失高風險,0,0.0,0,Low
C0697,5,4,63963,0,158,15991,G3 Big Spenders,3,流失高風險,0,0.0273,0,Low
C0698,74,6,21413,0,2802,3569,G6 At Risk,0,穩定中段,0,0.0,0,Low
C0699,159,0,16811,1,2470,0,G8 Lost,1,沉睡客戶,1,0.8706,1,High
C0700,30,5,46489,0,2991,9298,G3 Big Spenders,3,流失高風險,0,0.0,0,Low
C0701,71,5,12223,0,2325,2445,G6 At Risk,0,穩定中段,0,0.0,0,Low
C0702,1,11,23959,1,494,2178,G2 Loyal,2,VIP 高頻高額,0,0.0273,0,Low
C0703,332,2,11756,1,926,5878,G8 Lost,1,沉睡客戶,1,0.9742,1,High
C0704,5,12,6574,1,40,548,G2 Loyal,2,VIP 高頻高額,0,0.0273,0,Low
C0705,68,5,21886,0,1835,4377,G6 At Risk,0,穩定中段,0,0.0,0,Low
C0706,330,0,10053,1,1328,0,G8 Lost,1,沉睡客戶,1,0.9742,1,High
C0707,15,6,24145,0,1439,4024,G5 Potential Loyalists,0,穩定中段,0,0.0,0,Low
C0708,18,6,53131,0,2208,8855,G3 Big Spenders,3,流失高風險,0,0.0,0,Low
C0709,48,9,89141,0,2466,9905,G2 Loyal,3,流失高風險,0,0.0,0,Low
C0710,3,7,25990,0,246,3713,G2 Loyal,2,VIP 高頻高額,0,0.0273,0,Low
C0711,165,2,49685,1,2753,24842,G3 Big Spenders,1,沉睡客戶,1,0.8706,1,High
C0712,11,6,32186,0,1139,5364,G5 Potential Loyalists,3,流失高風險,0,0.0,0,Low
C0713,120,2,18617,2,2263,9308,G7 Hibernating,1,沉睡客戶,1,0.8762,1,High
C0714,76,11,6327,1,1756,575,G6 At Risk,0,穩定中段,0,0.0,0,Low
C0715,22,9,76004,1,1347,8445,G1 VIP(Champions),2,VIP 高頻高額,0,0.0,0,Low
C0716,4,7,11680,1,661,1669,G2 Loyal,0,穩定中段,0,0.0273,0,Low
C0717,26,10,64083,0,593,6408,G1 VIP(Champions),2,VIP 高頻高額,0,0.0273,0,Low
C0718,9,9,35446,0,2201,3938,G1 VIP(Champions),2,VIP 高頻高額,0,0.0,0,Low
C0719,0,9,12293,0,984,1366,G2 Loyal,0,穩定中段,0,0.0,0,Low
C0720,5,10,30285,0,711,3028,G1 VIP(Champions),2,VIP 高頻高額,0,0.0273,0,Low
C0721,54,12,108341,1,47,9028,G2 Loyal,2,VIP 高頻高額,0,0.0273,0,Low
C0722,0,9,71322,1,2526,7925,G1 VIP(Champions),2,VIP 高頻高額,0,0.0,0,Low
C0723,267,2,17002,2,1204,8501,G8 Lost,1,沉睡客戶,1,0.9742,1,High
C0724,32,4,14789,1,1064,3697,G8 Lost,0,穩定中段,0,0.0,0,Low
C0725,13,7,26112,0,1134,3730,G2 Loyal,2,VIP 高頻高額,0,0.0,0,Low
C0726,36,6,21680,0,1807,3613,G8 Lost,0,穩定中段,0,0.0,0,Low
C0727,82,2,56377,1,1461,28188,G3 Big Spenders,3,流失高風險,0,0.0,0,Low
C0728,28,6,40852,0,1646,6809,G5 Potential Loyalists,3,流失高風險,0,0.0,0,Low
C0729,26,8,7446,0,855,931,G2 Loyal,0,穩定中段,0,0.0273,0,Low
C0730,7,12,33559,0,910,2797,G1 VIP(Champions),2,VIP 高頻高額,0,0.0273,0,Low
C0731,28,12,21475,1,2592,1790,G2 Loyal,2,VIP 高頻高額,0,0.0,0,Low
C0732,104,1,24984,1,1334,24984,G7 Hibernating,3,流失高風險,0,0.5553,1,Medium
C0733,207,1,28977,2,2919,28977,G8 Lost,1,沉睡客戶,1,0.9742,1,High
C0734,33,6,56337,1,2542,9390,G3 Big Spenders,3,流失高風險,0,0.0,0,Low
C0735,129,2,48265,0,2143,24132,G3 Big Spenders,3,流失高風險,0,0.4785,0,Medium
C0736,18,11,14403,0,1658,1309,G2 Loyal,2,VIP 高頻高額,0,0.0,0,Low
C0737,2,11,23364,0,2517,2124,G2 Loyal,2,VIP 高頻高額,0,0.0,0,Low
C0738,95,5,17784,2,195,3557,G6 At Risk,0,穩定中段,0,0.4523,0,Medium
C0739,31,6,7500,0,1512,1250,G8 Lost,0,穩定中段,0,0.0,0,Low
C0740,6,12,22549,0,2147,1879,G2 Loyal,2,VIP 高頻高額,0,0.0,0,Low
C0741,4,13,88550,1,351,6812,G1 VIP(Champions),2,VIP 高頻高額,0,0.0273,0,Low
C0742,30,7,7343,0,571,1049,G2 Loyal,0,穩定中段,0,0.0273,0,Low
C0743,150,2,23936,0,223,11968,G8 Lost,1,沉睡客戶,0,0.0,0,Low
C0744,1,12,23405,0,1473,1950,G2 Loyal,2,VIP 高頻高額,0,0.0,0,Low
C0745,166,1,29775,1,1638,29775,G8 Lost,1,沉睡客戶,0,0.8706,1,High
C0746,201,4,12408,1,1421,3102,G8 Lost,1,沉睡客戶,0,0.8706,1,High
C0747,8,4,8977,1,193,2244,G4 New/Promising,0,穩定中段,0,0.0273,0,Low
C0748,45,6,9274,0,1474,1546,G8 Lost,0,穩定中段,0,0.0,0,Low
C0749,3,13,61800,0,2667,4754,G1 VIP(Champions),2,VIP 高頻高額,0,0.0,0,Low
C0750,86,7,12236,1,122,1748,G6 At Risk,0,穩定中段,0,0.0273,0,Low
C0751,113,4,17159,1,2334,4290,G7 Hibernating,0,穩定中段,0,0.0,0,Low
C0752,225,0,106217,1,838,0,G3 Big Spenders,1,沉睡客戶,0,0.9742,1,High
C0753,0,8,14560,0,252,1820,G2 Loyal,0,穩定中段,0,0.0273,0,Low
C0754,10,3,30936,0,180,10312,G4 New/Promising,3,流失高風險,0,0.0,0,Low
C0755,33,6,51260,0,67,8543,G3 Big Spenders,3,流失高風險,0,0.0273,0,Low
C0756,3,8,49563,0,1262,6195,G1 VIP(Champions),2,VIP 高頻高額,0,0.0,0,Low
C0757,185,3,9584,1,1508,3195,G8 Lost,1,沉睡客戶,0,0.8706,1,High
C0758,151,1,14774,2,1875,14774,G8 Lost,1,沉睡客戶,0,0.4403,0,Medium
C0759,137,1,350310,0,271,350310,G3 Big Spenders,3,流失高風險,0,0.0,0,Low
C0760,90,7,93931,1,1972,13419,G6 At Risk,3,流失高風險,0,0.0,0,Low
C0761,93,3,14285,0,2227,4762,G7 Hibernating,0,穩定中段,0,0.5553,1,Medium
C0762,34,7,17231,0,221,2462,G2 Loyal,0,穩定中段,0,0.0273,0,Low
C0763,22,5,32653,0,2035,6531,G5 Potential Loyalists,3,流失高風險,0,0.0,0,Low
C0764,90,4,37562,2,383,9390,G7 Hibernating,3,流失高風險,0,0.4523,0,Medium
C0765,27,7,39190,0,1334,5599,G1 VIP(Champions),3,流失高風險,0,0.0,0,Low
C0766,112,4,13461,2,1994,3365,G7 Hibernating,0,穩定中段,0,0.4523,0,Medium
C0767,45,5,16774,0,2616,3355,G8 Lost,0,穩定中段,0,0.0,0,Low
C0768,134,5,28307,0,1607,5661,G8 Lost,3,流失高風險,0,0.0,0,Low
C0769,344,0,58901,1,1323,0,G3 Big Spenders,1,沉睡客戶,1,0.9742,1,High
C0770,15,8,20600,0,2505,2575,G2 Loyal,2,VIP 高頻高額,0,0.0,0,Low
C0771,196,2,23966,2,672,11983,G8 Lost,1,沉睡客戶,1,0.8706,1,High
C0772,0,14,11871,0,639,848,G2 Loyal,2,VIP 高頻高額,0,0.0273,0,Low
C0773,14,12,89703,0,1415,7475,G1 VIP(Champions),2,VIP 高頻高額,0,0.0,0,Low
C0774,1,10,27119,0,387,2712,G2 Loyal,2,VIP 高頻高額,0,0.0273,0,Low
C0775,11,10,51763,0,96,5176,G1 VIP(Champions),2,VIP 高頻高額,0,0.0273,0,Low
C0776,149,3,24858,0,1105,8286,G8 Lost,1,沉睡客戶,0,0.0,0,Low
C0777,111,2,25840,0,482,12920,G7 Hibernating,3,流失高風險,0,0.5553,1,Medium
C0778,108,3,8517,2,1922,2839,G7 Hibernating,0,穩定中段,0,0.5553,1,Medium
C0779,18,13,5402,0,1659,416,G2 Loyal,2,VIP 高頻高額,0,0.0,0,Low
C0780,134,3,58474,0,1473,19491,G3 Big Spenders,3,流失高風險,0,0.0,0,Low
C0781,361,1,769936,4,1504,769936,G3 Big Spenders,1,沉睡客戶,1,0.9742,1,High
C0782,2,7,28127,0,322,4018,G2 Loyal,2,VIP 高頻高額,0,0.0273,0,Low
C0783,12,11,10154,0,1225,923,G2 Loyal,2,VIP 高頻高額,0,0.0,0,Low
C0784,49,6,12937,0,241,2156,G8 Lost,0,穩定中段,0,0.0273,0,Low
C0785,8,6,51206,0,1084,8534,G3 Big Spenders,3,流失高風險,0,0.0,0,Low
C0786,5,12,82298,0,2042,6858,G1 VIP(Champions),2,VIP 高頻高額,0,0.0,0,Low
C0787,356,1,15758,0,2959,15758,G8 Lost,1,沉睡客戶,1,0.8731,1,High
C0788,0,10,38950,0,911,3895,G1 VIP(Champions),2,VIP 高頻高額,0,0.0273,0,Low
C0789,155,3,27806,2,814,9269,G8 Lost,1,沉睡客戶,1,0.8706,1,High
C0790,88,3,22373,1,2018,7458,G7 Hibernating,0,穩定中段,0,0.5553,1,Medium
C0791,16,5,88998,0,2756,17800,G3 Big Spenders,3,流失高風險,0,0.0,0,Low
C0792,121,7,17725,0,905,2532,G6 At Risk,0,穩定中段,0,0.0,0,Low
C0793,295,0,58017,0,2519,0,G3 Big Spenders,1,沉睡客戶,0,0.2923,0,Low
C0794,52,7,31793,1,964,4542,G2 Loyal,3,流失高風險,0,0.0273,0,Low
C0795,19,12,24057,0,1928,2005,G2 Loyal,2,VIP 高頻高額,0,0.0,0,Low
C0796,267,0,63603,0,653,0,G3 Big Spenders,1,沉睡客戶,0,0.2923,0,Low
C0797,289,1,29825,2,808,29825,G8 Lost,1,沉睡客戶,1,0.9742,1,High
C0798,144,3,22754,1,2951,7585,G8 Lost,1,沉睡客戶,0,0.8762,1,High
C0799,5,8,63934,1,1185,7992,G1 VIP(Champions),2,VIP 高頻高額,0,0.0,0,Low
C0800,9,8,58366,0,77,7296,G1 VIP(Champions),2,VIP 高頻高額,0,0.0273,0,Low
C0801,35,7,56465,0,2323,8066,G2 Loyal,3,流失高風險,0,0.0,0,Low
C0802,2,8,2500,1,407,312,G2 Loyal,0,穩定中段,0,0.0273,0,Low
C0803,49,6,33128,0,358,5521,G8 Lost,3,流失高風險,0,0.0273,0,Low
C0804,3,7,28240,1,2513,4034,G2 Loyal,2,VIP 高頻高額,0,0.0,0,Low
C0805,9,5,23756,0,1065,4751,G5 Potential Loyalists,0,穩定中段,0,0.0,0,Low
C0806,4,7,37304,0,440,5329,G1 VIP(Champions),2,VIP 高頻高額,0,0.0273,0,Low
C0807,105,5,29214,0,2927,5843,G6 At Risk,3,流失高風險,0,0.0,0,Low
C0808,161,1,39123,0,863,39123,G8 Lost,1,沉睡客戶,0,0.2923,0,Low
C0809,166,1,20180,0,1909,20180,G8 Lost,1,沉睡客戶,0,0.8731,1,High
C0810,53,6,69475,0,810,11579,G3 Big Spenders,3,流失高風險,0,0.0273,0,Low
C0811,13,9,41993,0,1755,4666,G1 VIP(Champions),2,VIP 高頻高額,0,0.0,0,Low
C0812,51,9,35588,1,2100,3954,G2 Loyal,2,VIP 高頻高額,0,0.0,0,Low
C0813,53,3,34392,1,2280,11464,G8 Lost,3,流失高風險,1,0.5553,1,Medium
C0814,64,3,54726,0,1251,18242,G3 Big Spenders,3,流失高風險,0,0.0,0,Low
C0815,72,3,49771,0,1859,16590,G3 Big Spenders,3,流失高風險,0,0.0,0,Low
C0816,75,2,22495,0,2526,11248,G7 Hibernating,3,流失高風險,0,0.5553,1,Medium
C0817,1,7,48689,0,2525,6956,G1 VIP(Champions),3,流失高風險,0,0.0,0,Low
C0818,53,3,27497,0,2249,9166,G8 Lost,3,流失高風險,0,0.5553,1,Medium
C0819,44,2,93139,2,1216,46570,G3 Big Spenders,3,流失高風險,0,0.0,0,Low
C0820,93,1,52492,1,1607,52492,G3 Big Spenders,3,流失高風險,0,0.0,0,Low
C0821,6,7,15710,0,2903,2244,G2 Loyal,0,穩定中段,0,0.0,0,Low
C0822,51,5,124430,0,769,24886,G3 Big Spenders,3,流失高風險,0,0.0273,0,Low
C0823,139,3,5589,3,2086,1863,G8 Lost,0,穩定中段,1,0.8762,1,High
C0824,30,5,38031,0,2383,7606,G8 Lost,3,流失高風險,0,0.0,0,Low
C0825,7,13,14952,2,1458,1150,G2 Loyal,2,VIP 高頻高額,0,0.0,0,Low
C0826,268,0,90901,2,2601,0,G3 Big Spenders,1,沉睡客戶,1,0.9742,1,High
C0827,32,5,29056,2,1301,5811,G8 Lost,3,流失高風險,0,0.4523,0,Medium
C0828,5,8,13965,0,2513,1746,G2 Loyal,0,穩定中段,0,0.0,0,Low
C0829,336,3,20200,0,1943,6733,G8 Lost,1,沉睡客戶,0,0.8731,1,High
C0830,42,6,14768,3,183,2461,G8 Lost,0,穩定中段,0,0.0,0,Low
C0831,362,1,19652,2,2475,19652,G8 Lost,1,沉睡客戶,1,0.9742,1,High
C0832,285,1,19340,0,2102,19340,G8 Lost,1,沉睡客戶,1,0.8731,1,High
C0833,84,8,346196,0,690,43274,G6 At Risk,3,流失高風險,0,0.0273,0,Low
C0834,70,4,29409,0,2120,7352,G7 Hibernating,3,流失高風險,0,0.0,0,Low
C0835,294,0,32012,2,1549,0,G8 Lost,1,沉睡客戶,1,0.9742,1,High
C0836,51,4,12120,1,2830,3030,G8 Lost,0,穩定中段,0,0.0,0,Low
C0837,361,0,7625,1,934,0,G8 Lost,1,沉睡客戶,1,0.9742,1,High
C0838,31,21,30263,1,812,1441,G2 Loyal,2,VIP 高頻高額,0,0.0273,0,Low
C0839,66,3,35325,0,203,11775,G7 Hibernating,3,流失高風險,0,0.5553,1,Medium
C0840,15,7,40585,0,2365,5798,G1 VIP(Champions),3,流失高風險,0,0.0,0,Low
C0841,286,0,35804,0,2956,0,G8 Lost,1,沉睡客戶,0,0.8731,1,High
C0842,97,5,73196,0,2076,14639,G3 Big Spenders,3,流失高風險,0,0.0,0,Low
C0843,25,7,48920,0,1126,6989,G1 VIP(Champions),3,流失高風險,0,0.0,0,Low
C0844,32,8,158876,0,2639,19860,G2 Loyal,3,流失高風險,0,0.0,0,Low
C0845,16,7,213300,1,782,30471,G1 VIP(Champions),3,流失高風險,0,0.0273,0,Low
C0846,130,1,7111,0,2089,7111,G8 Lost,0,穩定中段,1,0.4785,0,Medium
C0847,16,8,5229,0,1803,654,G2 Loyal,0,穩定中段,0,0.0,0,Low
C0848,3,5,24217,0,2561,4843,G5 Potential Loyalists,0,穩定中段,0,0.0,0,Low
C0849,90,5,34647,0,2916,6929,G6 At Risk,3,流失高風險,0,0.0,0,Low
C0850,8,9,23084,0,1097,2565,G2 Loyal,2,VIP 高頻高額,0,0.0,0,Low
C0851,17,9,39835,0,313,4426,G1 VIP(Champions),2,VIP 高頻高額,0,0.0273,0,Low
C0852,87,6,20147,0,498,3358,G6 At Risk,0,穩定中段,0,0.0273,0,Low
C0853,49,8,14976,0,2225,1872,G2 Loyal,0,穩定中段,0,0.0,0,Low
C0854,39,5,16647,0,1109,3329,G8 Lost,0,穩定中段,0,0.0,0,Low
C0855,98,3,21160,1,445,7053,G7 Hibernating,0,穩定中段,0,0.5553,1,Medium
C0856,8,7,43935,1,2450,6276,G1 VIP(Champions),3,流失高風險,0,0.0,0,Low
C0857,30,8,17314,0,1956,2164,G2 Loyal,0,穩定中段,0,0.0,0,Low
C0858,28,7,19885,0,421,2841,G2 Loyal,0,穩定中段,0,0.0273,0,Low
C0859,157,4,36285,1,2148,9071,G8 Lost,3,流失高風險,0,0.8706,1,High
C0860,78,3,21181,0,1924,7060,G7 Hibernating,0,穩定中段,0,0.5553,1,Medium
C0861,10,12,53194,1,2954,4433,G1 VIP(Champions),2,VIP 高頻高額,0,0.0,0,Low
C0862,8,12,12789,0,2963,1066,G2 Loyal,2,VIP 高頻高額,0,0.0,0,Low
C0863,332,1,10988,1,2926,10988,G8 Lost,1,沉睡客戶,1,0.9742,1,High
C0864,10,5,30129,1,2688,6026,G5 Potential Loyalists,3,流失高風險,0,0.0,0,Low
C0865,21,16,32306,0,2386,2019,G1 VIP(Champions),2,VIP 高頻高額,0,0.0,0,Low
C0866,209,1,13287,0,2023,13287,G8 Lost,1,沉睡客戶,1,0.8731,1,High
C0867,40,6,62350,1,1647,10392,G3 Big Spenders,3,流失高風險,0,0.0,0,Low
C0868,121,3,93663,1,2384,31221,G3 Big Spenders,3,流失高風險,0,0.4403,0,Medium
C0869,11,5,15686,0,2898,3137,G5 Potential Loyalists,0,穩定中段,0,0.0,0,Low
C0870,180,1,68948,2,375,68948,G3 Big Spenders,1,沉睡客戶,0,0.8706,1,High
C0871,244,2,4594,2,435,2297,G8 Lost,1,沉睡客戶,1,0.9742,1,High
C0872,96,7,51703,0,1511,7386,G6 At Risk,3,流失高風險,0,0.0,0,Low
C0873,3,13,13354,1,902,1027,G2 Loyal,2,VIP 高頻高額,0,0.0273,0,Low
C0874,350,1,48207,1,1609,48207,G3 Big Spenders,1,沉睡客戶,1,0.9742,1,High
C0875,21,5,12421,1,954,2484,G5 Potential Loyalists,0,穩定中段,0,0.0273,0,Low
C0876,79,2,23204,1,2354,11602,G7 Hibernating,3,流失高風險,0,0.5553,1,Medium
C0877,43,2,13807,1,2698,6904,G8 Lost,0,穩定中段,0,0.0,0,Low
C0878,0,10,20958,0,869,2096,G2 Loyal,2,VIP 高頻高額,0,0.0273,0,Low
C0879,15,13,87636,1,2324,6741,G1 VIP(Champions),2,VIP 高頻高額,0,0.0,0,Low
C0880,76,5,22572,1,346,4514,G6 At Risk,0,穩定中段,0,0.0273,0,Low
C0881,255,2,106640,1,2396,53320,G3 Big Spenders,1,沉睡客戶,0,0.9742,1,High
C0882,19,11,18582,0,2103,1689,G2 Loyal,2,VIP 高頻高額,0,0.0,0,Low
C0883,28,6,69164,1,2140,11527,G3 Big Spenders,3,流失高風險,0,0.0,0,Low
C0884,42,6,7801,0,1493,1300,G8 Lost,0,穩定中段,0,0.0,0,Low
C0885,28,7,19919,1,347,2846,G2 Loyal,0,穩定中段,0,0.0273,0,Low
C0886,75,3,16726,2,2531,5575,G7 Hibernating,0,穩定中段,0,0.5553,1,Medium
C0887,100,5,71424,0,355,14285,G3 Big Spenders,3,流失高風險,0,0.0273,0,Low
C0888,9,6,27713,0,1460,4619,G5 Potential Loyalists,3,流失高風險,0,0.0,0,Low
C0889,36,5,5644,1,547,1129,G8 Lost,0,穩定中段,0,0.0273,0,Low
C0890,5,10,9729,2,2543,973,G2 Loyal,0,穩定中段,0,0.0,0,Low
C0891,8,8,11982,0,1735,1498,G2 Loyal,0,穩定中段,0,0.0,0,Low
C0892,29,6,46809,0,1538,7802,G3 Big Spenders,3,流失高風險,0,0.0,0,Low
C0893,17,8,42766,0,972,5346,G1 VIP(Champions),2,VIP 高頻高額,0,0.0273,0,Low
C0894,183,0,19727,0,2354,0,G8 Lost,1,沉睡客戶,0,0.8731,1,High
C0895,34,9,16582,1,653,1842,G2 Loyal,2,VIP 高頻高額,0,0.0273,0,Low
C0896,60,8,40194,1,2170,5024,G6 At Risk,2,VIP 高頻高額,0,0.0,0,Low
C0897,59,6,11041,2,2908,1840,G6 At Risk,0,穩定中段,0,0.0,0,Low
C0898,17,6,33536,0,820,5589,G5 Potential Loyalists,3,流失高風險,0,0.0273,0,Low
C0899,35,10,690511,0,2067,69051,G2 Loyal,3,流失高風險,0,0.0,0,Low
C0900,10,11,20086,0,948,1826,G2 Loyal,2,VIP 高頻高額,0,0.0273,0,Low
C0901,12,7,32157,0,2791,4594,G1 VIP(Champions),2,VIP 高頻高額,0,0.0,0,Low
C0902,17,10,26146,1,2700,2615,G2 Loyal,2,VIP 高頻高額,0,0.0,0,Low
C0903,128,3,34482,0,961,11494,G8 Lost,3,流失高風險,0,0.0,0,Low
C0904,24,5,9568,1,716,1914,G5 Potential Loyalists,0,穩定中段,0,0.0273,0,Low
C0905,240,1,37427,1,275,37427,G8 Lost,1,沉睡客戶,1,0.9742,1,High
C0906,34,3,49942,0,2101,16647,G3 Big Spenders,3,流失高風險,0,0.0,0,Low
C0907,62,6,30475,1,2761,5079,G6 At Risk,3,流失高風險,0,0.0,0,Low
C0908,131,4,37081,1,461,9270,G8 Lost,3,流失高風險,0,0.8762,1,High
C0909,19,7,22540,0,2453,3220,G2 Loyal,0,穩定中段,0,0.0,0,Low
C0910,163,1,45430,0,2272,45430,G8 Lost,1,沉睡客戶,0,0.2923,0,Low
C0911,18,4,25481,0,1431,6370,G5 Potential Loyalists,3,流失高風險,0,0.0,0,Low
C0912,93,6,10899,1,693,1816,G6 At Risk,0,穩定中段,0,0.0273,0,Low
C0913,7,3,43224,0,1969,14408,G5 Potential Loyalists,3,流失高風險,0,0.0,0,Low
C0914,7,10,7755,1,1794,776,G2 Loyal,0,穩定中段,0,0.0,0,Low
C0915,34,6,29672,1,2440,4945,G8 Lost,3,流失高風險,0,0.0,0,Low
C0916,4,15,18602,1,1705,1240,G2 Loyal,2,VIP 高頻高額,0,0.0,0,Low
C0917,15,10,17789,0,174,1779,G2 Loyal,2,VIP 高頻高額,0,0.0273,0,Low
C0918,35,4,27457,0,634,6864,G8 Lost,3,流失高風險,0,0.0273,0,Low
C0919,14,14,14817,0,1160,1058,G2 Loyal,2,VIP 高頻高額,0,0.0,0,Low
C0920,119,3,34841,0,1489,11614,G7 Hibernating,3,流失高風險,0,0.0,0,Low
C0921,35,8,25330,0,1069,3166,G2 Loyal,2,VIP 高頻高額,0,0.0,0,Low
C0922,29,9,15802,1,2641,1756,G2 Loyal,2,VIP 高頻高額,0,0.0,0,Low
C0923,134,4,62114,2,865,15528,G3 Big Spenders,3,流失高風險,0,0.4403,0,Medium
C0924,140,2,28095,0,2051,14048,G8 Lost,1,沉睡客戶,0,0.4785,0,Medium
C0925,16,11,37857,0,1103,3442,G1 VIP(Champions),2,VIP 高頻高額,0,0.0,0,Low
C0926,63,5,65618,1,2978,13124,G3 Big Spenders,3,流失高風險,0,0.0,0,Low
C0927,115,3,64869,1,2750,21623,G3 Big Spenders,3,流失高風險,0,0.0,0,Low
C0928,92,3,36529,0,2360,12176,G7 Hibernating,3,流失高風險,0,0.5553,1,Medium
C0929,33,5,19695,0,2301,3939,G8 Lost,0,穩定中段,0,0.0,0,Low
C0930,298,0,8948,3,1941,0,G8 Lost,1,沉睡客戶,1,0.9742,1,High
C0931,15,12,28133,0,1774,2344,G2 Loyal,2,VIP 高頻高額,0,0.0,0,Low
C0932,72,8,52376,1,1702,6547,G6 At Risk,3,流失高風險,0,0.0,0,Low
C0933,42,2,31195,1,110,15598,G8 Lost,3,流失高風險,0,0.0,0,Low
C0934,18,10,2500,1,2814,250,G2 Loyal,0,穩定中段,0,0.0,0,Low
C0935,1,9,44759,1,2945,4973,G1 VIP(Champions),2,VIP 高頻高額,0,0.0,0,Low
C0936,332,0,46726,1,1595,0,G3 Big Spenders,1,沉睡客戶,1,0.9742,1,High
C0937,7,7,19715,1,2615,2816,G2 Loyal,0,穩定中段,0,0.0,0,Low
C0938,27,11,48623,1,1225,4420,G1 VIP(Champions),2,VIP 高頻高額,0,0.0,0,Low
C0939,14,11,37782,0,363,3435,G1 VIP(Champions),2,VIP 高頻高額,0,0.0273,0,Low
C0940,155,1,15065,2,2508,15065,G8 Lost,1,沉睡客戶,1,0.8706,1,High
C0941,4,7,59273,0,1543,8468,G1 VIP(Champions),3,流失高風險,0,0.0,0,Low
C0942,15,6,10024,0,2822,1671,G5 Potential Loyalists,0,穩定中段,0,0.0,0,Low
C0943,113,3,23387,0,663,7796,G7 Hibernating,3,流失高風險,0,0.5553,1,Medium
C0944,27,5,21809,1,1452,4362,G5 Potential Loyalists,0,穩定中段,0,0.0,0,Low
C0945,26,4,13660,0,2012,3415,G5 Potential Loyalists,0,穩定中段,0,0.0,0,Low
C0946,40,7,30111,1,437,4302,G2 Loyal,2,VIP 高頻高額,0,0.0273,0,Low
C0947,20,9,60916,1,2989,6768,G1 VIP(Champions),2,VIP 高頻高額,0,0.0,0,Low
C0948,191,2,58304,1,1836,29152,G3 Big Spenders,1,沉睡客戶,0,0.8706,1,High
C0949,1,11,40399,0,540,3673,G1 VIP(Champions),2,VIP 高頻高額,0,0.0273,0,Low
C0950,70,3,7427,1,2230,2476,G7 Hibernating,0,穩定中段,0,0.5553,1,Medium
C0951,55,11,9555,0,2638,869,G2 Loyal,2,VIP 高頻高額,0,0.0,0,Low
C0952,23,6,27346,0,1139,4558,G5 Potential Loyalists,3,流失高風險,0,0.0,0,Low
C0953,168,1,23767,2,1841,23767,G8 Lost,1,沉睡客戶,0,0.8706,1,High
C0954,23,9,17177,0,2251,1909,G2 Loyal,2,VIP 高頻高額,0,0.0,0,Low
C0955,6,10,92386,0,462,9239,G1 VIP(Champions),2,VIP 高頻高額,0,0.0273,0,Low
C0956,7,13,26215,1,1607,2017,G2 Loyal,2,VIP 高頻高額,0,0.0,0,Low
C0957,150,3,35585,0,1690,11862,G8 Lost,3,流失高風險,0,0.4785,0,Medium
C0958,57,3,48607,1,925,16202,G3 Big Spenders,3,流失高風險,0,0.0,0,Low
C0959,20,3,25298,1,920,8433,G5 Potential Loyalists,3,流失高風險,0,0.0,0,Low
C0960,127,2,149305,1,1899,74652,G3 Big Spenders,3,流失高風險,0,0.4403,0,Medium
C0961,256,1,230184,0,2262,230184,G3 Big Spenders,1,沉睡客戶,0,0.2923,0,Low
C0962,69,4,15927,0,1185,3982,G7 Hibernating,0,穩定中段,0,0.0,0,Low
C0963,49,2,12582,0,465,6291,G8 Lost,0,穩定中段,0,0.5553,1,Medium
C0964,291,1,72683,1,2366,72683,G3 Big Spenders,1,沉睡客戶,0,0.9742,1,High
C0965,0,10,42679,0,545,4268,G1 VIP(Champions),2,VIP 高頻高額,0,0.0273,0,Low
C0966,194,1,16632,1,39,16632,G8 Lost,1,沉睡客戶,0,0.8706,1,High
C0967,2,6,13297,1,987,2216,G5 Potential Loyalists,0,穩定中段,0,0.0,0,Low
C0968,22,9,64178,0,2459,7131,G1 VIP(Champions),2,VIP 高頻高額,0,0.0,0,Low
C0969,6,4,31357,1,2277,7839,G5 Potential Loyalists,3,流失高風險,0,0.0,0,Low
C0970,10,14,65336,1,940,4667,G1 VIP(Champions),2,VIP 高頻高額,0,0.0273,0,Low
C0971,24,7,23339,0,1572,3334,G2 Loyal,2,VIP 高頻高額,0,0.0,0,Low
C0972,20,8,34824,1,2880,4353,G1 VIP(Champions),2,VIP 高頻高額,0,0.0,0,Low
C0973,130,4,30036,0,2164,7509,G8 Lost,3,流失高風險,0,0.4785,0,Medium
C0974,22,8,15727,0,2284,1966,G2 Loyal,0,穩定中段,0,0.0,0,Low
C0975,135,2,22007,3,290,11004,G8 Lost,1,沉睡客戶,1,0.8762,1,High
C0976,39,4,10625,0,745,2656,G8 Lost,0,穩定中段,0,0.0273,0,Low
C0977,22,3,34402,0,338,11467,G4 New/Promising,3,流失高風險,0,0.0,0,Low
C0978,41,3,41476,0,2937,13825,G8 Lost,3,流失高風險,0,0.0,0,Low
C0979,39,7,48684,0,1046,6955,G2 Loyal,3,流失高風險,0,0.0,0,Low
C0980,13,7,38816,0,1513,5545,G1 VIP(Champions),2,VIP 高頻高額,0,0.0,0,Low
C0981,279,0,22253,1,1668,0,G8 Lost,1,沉睡客戶,0,0.9742,1,High
C0982,103,6,72141,0,1583,12024,G3 Big Spenders,3,流失高風險,0,0.0,0,Low
C0983,4,10,45461,0,184,4546,G1 VIP(Champions),2,VIP 高頻高額,0,0.0273,0,Low
C0984,33,7,64343,0,2731,9192,G2 Loyal,3,流失高風險,0,0.0,0,Low
C0985,137,3,67232,1,1159,22411,G3 Big Spenders,3,流失高風險,0,0.4403,0,Medium
C0986,215,1,22294,1,2757,22294,G8 Lost,1,沉睡客戶,1,0.9742,1,High
C0987,76,3,31937,2,2302,10646,G7 Hibernating,3,流失高風險,0,0.5553,1,Medium
C0988,17,6,700302,0,2099,116717,G3 Big Spenders,3,流失高風險,0,0.0,0,Low
C0989,141,1,10890,0,2117,10890,G8 Lost,1,沉睡客戶,0,0.4785,0,Medium
C0990,7,3,11060,0,2935,3687,G5 Potential Loyalists,0,穩定中段,0,0.0,0,Low
C0991,24,7,9803,1,930,1400,G2 Loyal,0,穩定中段,0,0.0273,0,Low
C0992,32,6,22569,0,1006,3762,G8 Lost,0,穩定中段,0,0.0,0,Low
C0993,62,6,19277,2,2021,3213,G6 At Risk,0,穩定中段,0,0.0,0,Low
C0994,39,5,8911,1,720,1782,G8 Lost,0,穩定中段,0,0.0273,0,Low
C0995,69,7,27026,0,2417,3861,G6 At Risk,2,VIP 高頻高額,0,0.0,0,Low
C0996,7,11,22767,0,116,2070,G2 Loyal,2,VIP 高頻高額,0,0.0273,0,Low
C0997,72,3,55691,1,2694,18564,G3 Big Spenders,3,流失高風險,0,0.0,0,Low
C0998,111,4,99617,1,1058,24904,G3 Big Spenders,3,流失高風險,0,0.0,0,Low
C0999,65,3,33507,1,43,11169,G7 Hibernating,3,流失高風險,1,0.5553,1,Medium
C1000,17,8,14948,2,1819,1868,G2 Loyal,0,穩定中段,0,0.0,0,Low
C1001,10,8,38281,1,848,4785,G1 VIP(Champions),2,VIP 高頻高額,0,0.0273,0,Low
C1002,14,6,24502,1,936,4084,G5 Potential Loyalists,0,穩定中段,0,0.0273,0,Low
C1003,6,9,20577,0,1459,2286,G2 Loyal,2,VIP 高頻高額,0,0.0,0,Low
C1004,256,1,13318,1,1751,13318,G8 Lost,1,沉睡客戶,1,0.9742,1,High
C1005,36,3,17589,0,434,5863,G8 Lost,0,穩定中段,0,0.0,0,Low
C1006,36,6,21494,0,173,3582,G8 Lost,0,穩定中段,0,0.0273,0,Low
C1007,143,2,42739,0,1400,21370,G8 Lost,3,流失高風險,0,0.0,0,Low
C1008,103,2,34812,2,1081,17406,G7 Hibernating,3,流失高風險,0,0.5553,1,Medium
C1009,3,12,87370,1,1758,7281,G1 VIP(Champions),2,VIP 高頻高額,0,0.0,0,Low
C1010,23,7,39028,0,2251,5575,G1 VIP(Champions),3,流失高風險,0,0.0,0,Low
C1011,11,5,32761,1,1855,6552,G5 Potential Loyalists,3,流失高風險,0,0.0,0,Low
C1012,56,4,19646,1,339,4912,G8 Lost,0,穩定中段,0,0.0273,0,Low
C1013,96,4,11775,0,2988,2944,G7 Hibernating,0,穩定中段,0,0.0,0,Low
C1014,158,1,16335,0,2153,16335,G8 Lost,1,沉睡客戶,1,0.8731,1,High
C1015,348,0,14915,1,175,0,G8 Lost,1,沉睡客戶,1,0.9742,1,High
C1016,2,11,4054,0,2297,369,G2 Loyal,0,穩定中段,0,0.0,0,Low
C1017,29,8,12016,0,2645,1502,G2 Loyal,0,穩定中段,0,0.0,0,Low
C1018,307,1,74723,1,1719,74723,G3 Big Spenders,1,沉睡客戶,1,0.9742,1,High
C1019,44,5,31509,1,2502,6302,G8 Lost,3,流失高風險,0,0.0,0,Low
C1020,30,5,18703,0,2661,3741,G8 Lost,0,穩定中段,0,0.0,0,Low
C1021,73,6,32175,0,2893,5362,G6 At Risk,3,流失高風險,0,0.0,0,Low
C1022,25,9,6202,0,2865,689,G2 Loyal,0,穩定中段,0,0.0,0,Low
C1023,29,7,29657,1,605,4237,G1 VIP(Champions),2,VIP 高頻高額,0,0.0273,0,Low
C1024,84,6,59531,0,132,9922,G3 Big Spenders,3,流失高風險,0,0.0273,0,Low
C1025,26,7,22364,0,1965,3195,G2 Loyal,0,穩定中段,0,0.0,0,Low
C1026,346,1,7042,1,2046,7042,G8 Lost,1,沉睡客戶,1,0.9742,1,High
C1027,11,13,18219,2,1719,1401,G2 Loyal,2,VIP 高頻高額,0,0.0,0,Low
C1028,345,1,59604,2,734,59604,G3 Big Spenders,1,沉睡客戶,1,0.9742,1,High
C1029,46,5,29174,2,2847,5835,G8 Lost,3,流失高風險,0,0.4523,0,Medium
C1030,279,0,9020,3,1242,0,G8 Lost,1,沉睡客戶,1,0.9742,1,High
C1031,51,2,127687,1,2232,63844,G3 Big Spenders,3,流失高風險,0,0.0,0,Low
C1032,347,0,10121,3,1880,0,G8 Lost,1,沉睡客戶,1,0.9742,1,High
C1033,4,5,20536,0,2689,4107,G5 Potential Loyalists,0,穩定中段,0,0.0,0,Low
C1034,17,8,11776,1,2145,1472,G2 Loyal,0,穩定中段,0,0.0,0,Low
C1035,94,3,11788,0,1914,3929,G7 Hibernating,0,穩定中段,0,0.5553,1,Medium
C1036,79,1,17739,3,2525,17739,G7 Hibernating,0,穩定中段,1,0.5553,1,Medium
C1037,77,3,37999,2,191,12666,G7 Hibernating,3,流失高風險,0,0.5553,1,Medium
C1038,132,1,60076,3,2124,60076,G3 Big Spenders,3,流失高風險,0,0.4403,0,Medium
C1039,38,7,18577,1,1771,2654,G2 Loyal,0,穩定中段,0,0.0,0,Low
C1040,35,8,12003,0,2338,1500,G2 Loyal,0,穩定中段,0,0.0,0,Low
C1041,222,1,34032,0,695,34032,G8 Lost,1,沉睡客戶,0,0.8731,1,High
C1042,3,10,34737,0,1809,3474,G1 VIP(Champions),2,VIP 高頻高額,0,0.0,0,Low
C1043,33,2,28804,1,873,14402,G8 Lost,3,流失高風險,0,0.0,0,Low
C1044,121,2,29526,0,377,14763,G7 Hibernating,3,流失高風險,0,0.0,0,Low
C1045,15,5,22498,1,1738,4500,G5 Potential Loyalists,0,穩定中段,0,0.0,0,Low
C1046,101,4,26074,0,93,6518,G7 Hibernating,3,流失高風險,0,0.0273,0,Low
C1047,45,8,21436,0,306,2680,G2 Loyal,2,VIP 高頻高額,0,0.0273,0,Low
C1048,54,1,51491,1,1603,51491,G3 Big Spenders,3,流失高風險,0,0.0,0,Low
C1049,42,1,115835,1,2698,115835,G3 Big Spenders,3,流失高風險,0,0.0,0,Low
C1050,77,4,27605,0,2155,6901,G7 Hibernating,3,流失高風險,0,0.0,0,Low
C1051,28,9,24231,2,75,2692,G2 Loyal,2,VIP 高頻高額,0,0.0,0,Low
C1052,135,0,29118,3,353,0,G8 Lost,1,沉睡客戶,1,0.8762,1,High
C1053,147,3,15359,0,1310,5120,G8 Lost,1,沉睡客戶,0,0.0,0,Low
C1054,33,6,41585,0,1305,6931,G8 Lost,3,流失高風險,0,0.0,0,Low
C1055,12,3,33151,1,148,11050,G4 New/Promising,3,流失高風險,0,0.0,0,Low
C1056,81,2,18136,0,790,9068,G7 Hibernating,0,穩定中段,0,0.5553,1,Medium
C1057,38,8,45773,0,406,5722,G2 Loyal,2,VIP 高頻高額,0,0.0273,0,Low
C1058,38,7,24669,0,1714,3524,G2 Loyal,2,VIP 高頻高額,0,0.0,0,Low
C1059,72,5,12344,1,1985,2469,G6 At Risk,0,穩定中段,0,0.0,0,Low
C1060,11,8,31136,0,1189,3892,G1 VIP(Champions),2,VIP 高頻高額,0,0.0,0,Low
C1061,12,11,28736,0,1727,2612,G2 Loyal,2,VIP 高頻高額,0,0.0,0,Low
C1062,139,3,47681,2,628,15894,G3 Big Spenders,3,流失高風險,0,0.4403,0,Medium
C1063,41,11,43568,0,2559,3961,G2 Loyal,2,VIP 高頻高額,0,0.0,0,Low
C1064,38,3,22551,1,43,7517,G8 Lost,0,穩定中段,0,0.0,0,Low
C1065,1,14,17493,1,1528,1250,G2 Loyal,2,VIP 高頻高額,0,0.0,0,Low
C1066,22,7,24373,0,984,3482,G2 Loyal,2,VIP 高頻高額,0,0.0,0,Low
C1067,104,4,31392,1,1369,7848,G7 Hibernating,3,流失高風險,0,0.0,0,Low
C1068,75,3,34154,0,1563,11385,G7 Hibernating,3,流失高風險,0,0.5553,1,Medium
C1069,23,12,30061,1,1948,2505,G1 VIP(Champions),2,VIP 高頻高額,0,0.0,0,Low
C1070,47,8,22845,1,2789,2856,G2 Loyal,2,VIP 高頻高額,0,0.0,0,Low
C1071,21,6,48912,0,1696,8152,G3 Big Spenders,3,流失高風險,0,0.0,0,Low
C1072,27,7,15184,0,705,2169,G2 Loyal,0,穩定中段,0,0.0273,0,Low
C1073,20,8,138079,0,1586,17260,G1 VIP(Champions),3,流失高風險,0,0.0,0,Low
C1074,11,10,41529,1,1551,4153,G1 VIP(Champions),2,VIP 高頻高額,0,0.0,0,Low
C1075,36,6,11056,0,2598,1843,G8 Lost,0,穩定中段,0,0.0,0,Low
C1076,30,5,27713,1,1712,5543,G8 Lost,3,流失高風險,0,0.0,0,Low
C1077,138,3,41809,0,2608,13936,G8 Lost,3,流失高風險,0,0.4785,0,Medium
C1078,143,0,19062,1,1958,0,G8 Lost,1,沉睡客戶,0,0.8762,1,High
C1079,27,3,8548,0,1728,2849,G5 Potential Loyalists,0,穩定中段,0,0.0,0,Low
C1080,65,4,11762,0,1005,2940,G7 Hibernating,0,穩定中段,0,0.0,0,Low
C1081,33,3,35577,0,790,11859,G8 Lost,3,流失高風險,0,0.0,0,Low
C1082,119,3,7128,2,325,2376,G7 Hibernating,0,穩定中段,0,0.8762,1,High
C1083,22,10,8826,1,1658,883,G2 Loyal,0,穩定中段,0,0.0,0,Low
C1084,7,7,35447,0,2766,5064,G1 VIP(Champions),2,VIP 高頻高額,0,0.0,0,Low
C1085,97,3,20831,0,67,6944,G7 Hibernating,0,穩定中段,0,0.5553,1,Medium
C1086,3,9,14957,0,2859,1662,G2 Loyal,2,VIP 高頻高額,0,0.0,0,Low
C1087,25,7,17218,0,2582,2460,G2 Loyal,0,穩定中段,0,0.0,0,Low
C1088,19,8,8694,2,1331,1087,G2 Loyal,0,穩定中段,0,0.0,0,Low
C1089,41,5,34170,0,961,6834,G8 Lost,3,流失高風險,0,0.0273,0,Low
C1090,58,10,13841,1,1754,1384,G6 At Risk,2,VIP 高頻高額,0,0.0,0,Low
C1091,29,6,16730,1,2570,2788,G5 Potential Loyalists,0,穩定中段,0,0.0,0,Low
C1092,85,6,31031,0,116,5172,G6 At Risk,3,流失高風險,0,0.0273,0,Low
C1093,2,9,20340,0,1364,2260,G2 Loyal,2,VIP 高頻高額,0,0.0,0,Low
C1094,18,8,14865,1,170,1858,G2 Loyal,0,穩定中段,0,0.0273,0,Low
C1095,39,9,157743,2,1942,17527,G2 Loyal,3,流失高風險,0,0.0,0,Low
C1096,21,8,31483,0,257,3935,G1 VIP(Champions),2,VIP 高頻高額,0,0.0273,0,Low
C1097,7,11,25727,0,970,2339,G2 Loyal,2,VIP 高頻高額,0,0.0273,0,Low
C1098,10,12,16947,1,2224,1412,G2 Loyal,2,VIP 高頻高額,0,0.0,0,Low
C1099,23,9,11776,0,2263,1308,G2 Loyal,0,穩定中段,0,0.0,0,Low
C1100,19,8,24561,0,704,3070,G2 Loyal,2,VIP 高頻高額,0,0.0273,0,Low
C1101,59,7,34075,2,1553,4868,G6 At Risk,3,流失高風險,0,0.0,0,Low
C1102,53,7,26067,3,577,3724,G2 Loyal,2,VIP 高頻高額,0,0.0,0,Low
C1103,50,10,76622,0,1787,7662,G2 Loyal,2,VIP 高頻高額,0,0.0,0,Low
C1104,44,5,39869,1,54,7974,G8 Lost,3,流失高風險,0,0.0273,0,Low
C1105,63,7,22582,0,2446,3226,G6 At Risk,0,穩定中段,0,0.0,0,Low
C1106,206,1,40815,2,98,40815,G8 Lost,1,沉睡客戶,1,0.9742,1,High
C1107,16,12,25187,0,1837,2099,G2 Loyal,2,VIP 高頻高額,0,0.0,0,Low
C1108,97,4,25125,0,1233,6281,G7 Hibernating,3,流失高風險,0,0.0,0,Low
C1109,1,8,60322,0,693,7540,G1 VIP(Champions),2,VIP 高頻高額,0,0.0273,0,Low
C1110,137,1,299750,0,1638,299750,G3 Big Spenders,3,流失高風險,0,0.0,0,Low
C1111,5,11,24743,0,450,2249,G2 Loyal,2,VIP 高頻高額,0,0.0273,0,Low
C1112,5,13,55983,1,1749,4306,G1 VIP(Champions),2,VIP 高頻高額,0,0.0,0,Low
C1113,26,9,30221,0,1944,3358,G1 VIP(Champions),2,VIP 高頻高額,0,0.0,0,Low
C1114,7,12,18801,0,1389,1567,G2 Loyal,2,VIP 高頻高額,0,0.0,0,Low
C1115,292,1,7374,0,1104,7374,G8 Lost,1,沉睡客戶,0,0.8731,1,High
C1116,0,10,4968,0,1394,497,G2 Loyal,0,穩定中段,0,0.0,0,Low
C1117,15,10,104123,0,2871,10412,G1 VIP(Champions),2,VIP 高頻高額,0,0.0,0,Low
C1118,79,6,30211,1,2266,5035,G6 At Risk,3,流失高風險,0,0.0,0,Low
C1119,6,11,16174,0,47,1470,G2 Loyal,2,VIP 高頻高額,0,0.0273,0,Low
C1120,41,8,31089,0,890,3886,G2 Loyal,2,VIP 高頻高額,0,0.0273,0,Low
C1121,78,3,12539,3,103,4180,G7 Hibernating,0,穩定中段,1,0.5553,1,Medium
C1122,10,12,19306,0,736,1609,G2 Loyal,2,VIP 高頻高額,0,0.0273,0,Low
C1123,15,7,12599,0,2342,1800,G2 Loyal,0,穩定中段,0,0.0,0,Low
C1124,228,0,9052,0,2567,0,G8 Lost,1,沉睡客戶,1,0.8731,1,High
C1125,54,5,78165,0,1387,15633,G3 Big Spenders,3,流失高風險,0,0.0,0,Low
C1126,33,5,7956,0,2077,1591,G8 Lost,0,穩定中段,0,0.0,0,Low
C1127,84,5,49757,0,1130,9951,G3 Big Spenders,3,流失高風險,0,0.0,0,Low
C1128,5,7,12200,1,1446,1743,G2 Loyal,0,穩定中段,0,0.0,0,Low
C1129,70,6,35398,0,2492,5900,G6 At Risk,3,流失高風險,0,0.0,0,Low
C1130,62,4,47556,0,847,11889,G3 Big Spenders,3,流失高風險,0,0.0273,0,Low
C1131,20,7,24627,0,975,3518,G2 Loyal,2,VIP 高頻高額,1,0.0273,0,Low
C1132,16,9,19752,0,435,2195,G2 Loyal,2,VIP 高頻高額,0,0.0273,0,Low
C1133,37,10,26719,0,678,2672,G2 Loyal,2,VIP 高頻高額,0,0.0273,0,Low
C1134,65,2,18185,0,141,9092,G7 Hibernating,0,穩定中段,0,0.5553,1,Medium
C1135,72,4,56542,0,2452,14136,G3 Big Spenders,3,流失高風險,0,0.0,0,Low
C1136,102,4,90542,2,2561,22636,G3 Big Spenders,3,流失高風險,0,0.4523,0,Medium
C1137,9,12,67162,0,1281,5597,G1 VIP(Champions),2,VIP 高頻高額,0,0.0,0,Low
C1138,12,8,5399,0,1792,675,G2 Loyal,0,穩定中段,0,0.0,0,Low
C1139,61,2,17927,0,768,8964,G7 Hibernating,0,穩定中段,0,0.5553,1,Medium
C1140,9,5,24414,1,166,4883,G5 Potential Loyalists,0,穩定中段,0,0.0273,0,Low
C1141,0,11,33663,0,1561,3060,G1 VIP(Champions),2,VIP 高頻高額,0,0.0,0,Low
C1142,11,10,7265,1,501,726,G2 Loyal,0,穩定中段,0,0.0273,0,Low
C1143,16,12,7184,0,2549,599,G2 Loyal,2,VIP 高頻高額,0,0.0,0,Low
C1144,16,17,60764,0,860,3574,G1 VIP(Champions),2,VIP 高頻高額,0,0.0273,0,Low
C1145,314,2,16459,2,2220,8230,G8 Lost,1,沉睡客戶,1,0.9742,1,High
C1146,46,9,8594,1,811,955,G2 Loyal,0,穩定中段,0,0.0273,0,Low
C1147,27,7,11242,2,405,1606,G2 Loyal,0,穩定中段,0,0.0,0,Low
C1148,58,3,31995,2,1658,10665,G7 Hibernating,3,流失高風險,0,0.5553,1,Medium
C1149,30,12,13687,0,574,1141,G2 Loyal,2,VIP 高頻高額,0,0.0273,0,Low
C1150,47,5,28829,0,1216,5766,G8 Lost,3,流失高風險,0,0.0,0,Low
C1151,142,4,12270,1,901,3068,G8 Lost,0,穩定中段,0,0.8762,1,High
C1152,64,7,7180,1,2650,1026,G6 At Risk,0,穩定中段,0,0.0,0,Low
C1153,14,11,65977,1,1524,5998,G1 VIP(Champions),2,VIP 高頻高額,0,0.0,0,Low
C1154,8,16,32168,1,2166,2010,G1 VIP(Champions),2,VIP 高頻高額,0,0.0,0,Low
C1155,128,2,19271,2,1778,9636,G8 Lost,1,沉睡客戶,0,0.8762,1,High
C1156,49,6,16900,0,2734,2817,G8 Lost,0,穩定中段,0,0.0,0,Low
C1157,80,4,67875,3,1335,16969,G3 Big Spenders,3,流失高風險,0,0.4523,0,Medium
C1158,39,6,36830,1,2592,6138,G8 Lost,3,流失高風險,0,0.0,0,Low
C1159,39,6,54327,2,2697,9054,G3 Big Spenders,3,流失高風險,0,0.0,0,Low
C1160,324,1,16178,0,2766,16178,G8 Lost,1,沉睡客戶,0,0.8731,1,High
C1161,265,2,25222,0,2096,12611,G8 Lost,1,沉睡客戶,0,0.8731,1,High
C1162,3,12,32259,0,2940,2688,G1 VIP(Champions),2,VIP 高頻高額,0,0.0,0,Low
C1163,9,6,16563,2,2242,2760,G5 Potential Loyalists,0,穩定中段,0,0.0,0,Low
C1164,20,10,22768,0,955,2277,G2 Loyal,2,VIP 高頻高額,0,0.0273,0,Low
C1165,19,10,16179,0,496,1618,G2 Loyal,2,VIP 高頻高額,0,0.0273,0,Low
C1166,156,2,32188,2,652,16094,G8 Lost,1,沉睡客戶,1,0.8706,1,High
C1167,50,4,9653,0,1734,2413,G8 Lost,0,穩定中段,0,0.0,0,Low
C1168,25,10,36329,0,520,3633,G1 VIP(Champions),2,VIP 高頻高額,0,0.0273,0,Low
C1169,98,0,30257,1,735,0,G7 Hibernating,3,流失高風險,0,0.5553,1,Medium
C1170,20,4,21114,1,1895,5278,G5 Potential Loyalists,0,穩定中段,0,0.0,0,Low
C1171,34,5,33345,0,1018,6669,G8 Lost,3,流失高風險,0,0.0,0,Low
C1172,25,5,18855,0,2052,3771,G5 Potential Loyalists,0,穩定中段,0,0.0,0,Low
C1173,48,5,15228,0,2992,3046,G8 Lost,0,穩定中段,0,0.0,0,Low
C1174,13,13,35618,0,290,2740,G1 VIP(Champions),2,VIP 高頻高額,0,0.0273,0,Low
C1175,303,0,36714,0,1934,0,G8 Lost,1,沉睡客戶,1,0.8731,1,High
C1176,154,2,17067,0,2468,8534,G8 Lost,1,沉睡客戶,0,0.4785,0,Medium
C1177,3,11,16072,1,446,1461,G2 Loyal,2,VIP 高頻高額,0,0.0273,0,Low
C1178,207,0,21417,1,2355,0,G8 Lost,1,沉睡客戶,1,0.9742,1,High
C1179,24,5,16541,0,1536,3308,G5 Potential Loyalists,0,穩定中段,0,0.0,0,Low
C1180,35,5,70798,0,1896,14160,G3 Big Spenders,3,流失高風險,0,0.0,0,Low
C1181,58,4,30380,0,183,7595,G7 Hibernating,3,流失高風險,0,0.0273,0,Low
C1182,24,7,24593,0,1323,3513,G2 Loyal,2,VIP 高頻高額,0,0.0,0,Low
C1183,28,7,12671,2,1119,1810,G2 Loyal,0,穩定中段,0,0.0,0,Low
C1184,42,8,40835,0,486,5104,G2 Loyal,2,VIP 高頻高額,0,0.0273,0,Low
C1185,23,8,15865,0,2295,1983,G2 Loyal,0,穩定中段,0,0.0,0,Low
C1186,154,3,15415,1,1531,5138,G8 Lost,1,沉睡客戶,1,0.8762,1,High
C1187,3,6,41807,0,2637,6968,G5 Potential Loyalists,3,流失高風險,0,0.0,0,Low
C1188,123,4,31924,3,502,7981,G7 Hibernating,3,流失高風險,1,0.8762,1,High
C1189,34,4,4220,0,2200,1055,G8 Lost,0,穩定中段,0,0.0,0,Low
C1190,14,6,21798,0,1826,3633,G5 Potential Loyalists,0,穩定中段,0,0.0,0,Low
C1191,78,3,26579,1,1963,8860,G7 Hibernating,3,流失高風險,0,0.5553,1,Medium
C1192,19,10,19193,0,950,1919,G2 Loyal,2,VIP 高頻高額,0,0.0273,0,Low
C1193,10,16,27235,1,2081,1702,G2 Loyal,2,VIP 高頻高額,0,0.0,0,Low
C1194,8,6,6858,1,764,1143,G5 Potential Loyalists,0,穩定中段,0,0.0273,0,Low
C1195,44,3,3355,0,2293,1118,G8 Lost,0,穩定中段,0,0.0,0,Low
C1196,8,7,12298,0,1339,1757,G2 Loyal,0,穩定中段,0,0.0,0,Low
C1197,189,4,29661,1,1454,7415,G8 Lost,1,沉睡客戶,0,0.8706,1,High
C1198,51,2,2547,0,1754,1274,G8 Lost,0,穩定中段,0,0.5553,1,Medium
C1199,58,5,13487,2,280,2697,G6 At Risk,0,穩定中段,0,0.4523,0,Medium
C1200,22,6,6336,1,1121,1056,G5 Potential Loyalists,0,穩定中段,0,0.0,0,Low
C1201,201,1,20541,1,633,20541,G8 Lost,1,沉睡客戶,0,0.8706,1,High
C1202,20,4,95849,0,2891,23962,G3 Big Spenders,3,流失高風險,0,0.0,0,Low
C1203,24,9,20910,0,1282,2323,G2 Loyal,2,VIP 高頻高額,0,0.0,0,Low
C1204,28,6,22578,0,47,3763,G5 Potential Loyalists,0,穩定中段,0,0.0273,0,Low
C1205,12,6,43803,0,107,7300,G5 Potential Loyalists,3,流失高風險,0,0.0273,0,Low
C1206,189,1,548491,1,2741,548491,G3 Big Spenders,3,流失高風險,0,0.8706,1,High
C1207,62,4,20942,1,495,5236,G7 Hibernating,0,穩定中段,0,0.0273,0,Low
C1208,4,11,46567,0,32,4233,G1 VIP(Champions),2,VIP 高頻高額,0,0.0273,0,Low
C1209,4,10,33871,1,660,3387,G1 VIP(Champions),2,VIP 高頻高額,0,0.0273,0,Low
C1210,187,0,29793,0,673,0,G8 Lost,1,沉睡客戶,0,0.8731,1,High
C1211,72,6,22089,0,267,3682,G6 At Risk,0,穩定中段,0,0.0273,0,Low
C1212,319,3,19106,1,2989,6369,G8 Lost,1,沉睡客戶,0,0.9742,1,High
C1213,73,2,46259,1,205,23130,G3 Big Spenders,3,流失高風險,0,0.0,0,Low
C1214,48,5,19235,0,2192,3847,G8 Lost,0,穩定中段,0,0.0,0,Low
C1215,75,3,57635,0,2515,19212,G3 Big Spenders,3,流失高風險,0,0.0,0,Low
C1216,78,5,11696,0,1944,2339,G6 At Risk,0,穩定中段,0,0.0,0,Low
C1217,62,2,66413,1,423,33206,G3 Big Spenders,3,流失高風險,0,0.0,0,Low
C1218,43,3,33875,1,2186,11292,G8 Lost,3,流失高風險,0,0.0,0,Low
C1219,94,5,12358,0,1009,2472,G6 At Risk,0,穩定中段,0,0.0,0,Low
C1220,45,3,34762,0,1242,11587,G8 Lost,3,流失高風險,0,0.0,0,Low
C1221,306,1,15441,2,776,15441,G8 Lost,1,沉睡客戶,1,0.9742,1,High
C1222,34,10,24919,0,2359,2492,G2 Loyal,2,VIP 高頻高額,0,0.0,0,Low
C1223,63,2,17316,1,1752,8658,G7 Hibernating,0,穩定中段,0,0.5553,1,Medium
C1224,16,2,22180,1,489,11090,G5 Potential Loyalists,0,穩定中段,0,0.0,0,Low
C1225,193,5,47052,1,1240,9410,G3 Big Spenders,1,沉睡客戶,0,0.8706,1,High
C1226,72,7,34995,0,2387,4999,G6 At Risk,3,流失高風險,0,0.0,0,Low
C1227,290,0,11073,1,2814,0,G8 Lost,1,沉睡客戶,1,0.9742,1,High
C1228,154,0,11526,0,2820,0,G8 Lost,1,沉睡客戶,0,0.4785,0,Medium
C1229,318,0,29423,1,430,0,G8 Lost,1,沉睡客戶,0,0.9742,1,High
C1230,6,8,30953,0,2577,3869,G1 VIP(Champions),2,VIP 高頻高額,0,0.0,0,Low
C1231,25,4,15182,1,1711,3796,G5 Potential Loyalists,0,穩定中段,0,0.0,0,Low
C1232,15,9,74156,1,2226,8240,G1 VIP(Champions),2,VIP 高頻高額,0,0.0,0,Low
C1233,9,5,43021,0,1175,8604,G5 Potential Loyalists,3,流失高風險,0,0.0,0,Low
C1234,13,8,15711,1,1964,1964,G2 Loyal,0,穩定中段,0,0.0,0,Low
C1235,62,4,14683,1,796,3671,G7 Hibernating,0,穩定中段,0,0.0273,0,Low
C1236,32,9,20755,0,1577,2306,G2 Loyal,2,VIP 高頻高額,0,0.0,0,Low
C1237,16,8,19297,1,700,2412,G2 Loyal,2,VIP 高頻高額,0,0.0273,0,Low
C1238,10,11,58648,2,1203,5332,G1 VIP(Champions),2,VIP 高頻高額,0,0.0,0,Low
C1239,286,3,48493,2,1241,16164,G3 Big Spenders,1,沉睡客戶,1,0.9742,1,High
C1240,28,7,24948,1,2600,3564,G2 Loyal,2,VIP 高頻高額,0,0.0,0,Low
C1241,54,7,39126,0,1895,5589,G2 Loyal,3,流失高風險,0,0.0,0,Low
C1242,25,7,43308,0,1952,6187,G1 VIP(Champions),3,流失高風險,0,0.0,0,Low
C1243,13,7,25356,1,872,3622,G2 Loyal,2,VIP 高頻高額,0,0.0273,0,Low
C1244,63,3,32268,1,1321,10756,G7 Hibernating,3,流失高風險,0,0.5553,1,Medium
C1245,33,1,36899,0,1434,36899,G8 Lost,3,流失高風險,0,0.0,0,Low
C1246,47,6,34246,0,2360,5708,G8 Lost,3,流失高風險,0,0.0,0,Low
C1247,85,4,14113,0,581,3528,G7 Hibernating,0,穩定中段,0,0.0273,0,Low
C1248,116,3,15148,0,190,5049,G7 Hibernating,0,穩定中段,0,0.5553,1,Medium
C1249,57,6,19890,1,1530,3315,G6 At Risk,0,穩定中段,0,0.0,0,Low
C1250,168,3,14844,0,2444,4948,G8 Lost,1,沉睡客戶,1,0.8731,1,High
C1251,72,6,8680,1,2208,1447,G6 At Risk,0,穩定中段,0,0.0,0,Low
C1252,279,0,39072,2,2437,0,G8 Lost,1,沉睡客戶,1,0.9742,1,High
C1253,17,10,31023,1,1198,3102,G1 VIP(Champions),2,VIP 高頻高額,0,0.0,0,Low
C1254,59,6,9532,1,708,1589,G6 At Risk,0,穩定中段,0,0.0273,0,Low
C1255,17,10,20565,0,1989,2056,G2 Loyal,2,VIP 高頻高額,0,0.0,0,Low
C1256,17,11,21397,0,141,1945,G2 Loyal,2,VIP 高頻高額,0,0.0273,0,Low
C1257,96,3,27649,0,2689,9216,G7 Hibernating,3,流失高風險,0,0.5553,1,Medium
C1258,238,1,11415,1,2149,11415,G8 Lost,1,沉睡客戶,0,0.9742,1,High
C1259,18,11,9435,0,1526,858,G2 Loyal,2,VIP 高頻高額,0,0.0,0,Low
C1260,27,6,35025,0,623,5838,G5 Potential Loyalists,3,流失高風險,0,0.0273,0,Low
C1261,228,0,8318,1,773,0,G8 Lost,1,沉睡客戶,1,0.9742,1,High
C1262,147,3,20684,1,2988,6895,G8 Lost,1,沉睡客戶,0,0.8762,1,High
C1263,57,6,19375,0,73,3229,G6 At Risk,0,穩定中段,0,0.0273,0,Low
C1264,8,5,22330,0,57,4466,G5 Potential Loyalists,0,穩定中段,0,0.0273,0,Low
C1265,88,7,29054,2,1061,4151,G6 At Risk,3,流失高風險,0,0.0,0,Low
C1266,29,9,74533,0,712,8281,G1 VIP(Champions),2,VIP 高頻高額,0,0.0273,0,Low
C1267,8,12,7945,1,2039,662,G2 Loyal,2,VIP 高頻高額,0,0.0,0,Low
C1268,0,7,44964,0,154,6423,G1 VIP(Champions),3,流失高風險,0,0.0273,0,Low
C1269,1,6,4194,1,2362,699,G5 Potential Loyalists,0,穩定中段,0,0.0,0,Low
C1270,247,0,64576,2,2354,0,G3 Big Spenders,1,沉睡客戶,1,0.9742,1,High
C1271,69,3,5825,0,711,1942,G7 Hibernating,0,穩定中段,1,0.5553,1,Medium
C1272,2,8,133984,0,1748,16748,G1 VIP(Champions),3,流失高風險,0,0.0,0,Low
C1273,60,7,18530,1,2024,2647,G6 At Risk,0,穩定中段,0,0.0,0,Low
C1274,101,3,60070,0,2549,20023,G3 Big Spenders,3,流失高風險,0,0.0,0,Low
C1275,19,15,51995,0,2205,3466,G1 VIP(Champions),2,VIP 高頻高額,0,0.0,0,Low
C1276,60,3,17934,0,2888,5978,G7 Hibernating,0,穩定中段,0,0.5553,1,Medium
C1277,1,8,18924,0,374,2366,G2 Loyal,2,VIP 高頻高額,0,0.0273,0,Low
C1278,6,8,13548,0,1842,1694,G2 Loyal,0,穩定中段,0,0.0,0,Low
C1279,13,9,42242,0,2325,4694,G1 VIP(Champions),2,VIP 高頻高額,0,0.0,0,Low
C1280,25,6,18098,0,718,3016,G5 Potential Loyalists,0,穩定中段,0,0.0273,0,Low
C1281,56,11,13721,1,678,1247,G2 Loyal,2,VIP 高頻高額,0,0.0273,0,Low
C1282,78,1,35458,0,305,35458,G7 Hibernating,3,流失高風險,0,0.5553,1,Medium
C1283,21,4,12991,0,2957,3248,G5 Potential Loyalists,0,穩定中段,0,0.0,0,Low
C1284,32,3,19336,0,2602,6445,G8 Lost,0,穩定中段,0,0.0,0,Low
C1285,181,4,26238,0,389,6560,G8 Lost,1,沉睡客戶,0,0.8731,1,High
C1286,36,4,15526,1,757,3882,G8 Lost,0,穩定中段,0,0.0273,0,Low
C1287,144,1,17256,0,1390,17256,G8 Lost,1,沉睡客戶,0,0.0,0,Low
C1288,78,3,71288,0,2683,23763,G3 Big Spenders,3,流失高風險,0,0.0,0,Low
C1289,246,1,21100,1,2482,21100,G8 Lost,1,沉睡客戶,1,0.9742,1,High
C1290,24,6,18925,1,2638,3154,G5 Potential Loyalists,0,穩定中段,0,0.0,0,Low
C1291,50,14,21535,0,2490,1538,G2 Loyal,2,VIP 高頻高額,0,0.0,0,Low
C1292,111,5,33460,1,1894,6692,G6 At Risk,3,流失高風險,0,0.0,0,Low
C1293,20,15,11805,0,894,787,G2 Loyal,2,VIP 高頻高額,0,0.0273,0,Low
C1294,26,5,32828,2,1823,6566,G5 Potential Loyalists,3,流失高風險,0,0.4523,0,Medium
C1295,160,3,29117,0,1497,9706,G8 Lost,1,沉睡客戶,0,0.8731,1,High
C1296,39,7,6960,0,2853,994,G2 Loyal,0,穩定中段,0,0.0,0,Low
C1297,60,4,85475,1,1361,21369,G3 Big Spenders,3,流失高風險,0,0.0,0,Low
C1298,54,4,67682,0,2275,16920,G3 Big Spenders,3,流失高風險,0,0.0,0,Low
C1299,25,6,13899,1,545,2316,G5 Potential Loyalists,0,穩定中段,0,0.0273,0,Low
C1300,116,4,11096,2,2059,2774,G7 Hibernating,0,穩定中段,0,0.4523,0,Medium
C1301,26,4,28556,0,1377,7139,G5 Potential Loyalists,3,流失高風險,0,0.0,0,Low
C1302,12,9,8972,0,1324,997,G2 Loyal,0,穩定中段,0,0.0,0,Low
C1303,44,7,63259,1,2271,9037,G2 Loyal,3,流失高風險,0,0.0,0,Low
C1304,83,6,17537,1,1467,2923,G6 At Risk,0,穩定中段,0,0.0,0,Low
C1305,14,7,75755,0,204,10822,G1 VIP(Champions),3,流失高風險,0,0.0273,0,Low
C1306,40,3,13669,1,1185,4556,G8 Lost,0,穩定中段,0,0.0,0,Low
C1307,18,10,22504,1,2890,2250,G2 Loyal,2,VIP 高頻高額,0,0.0,0,Low
C1308,1,9,59104,0,2840,6567,G1 VIP(Champions),2,VIP 高頻高額,0,0.0,0,Low
C1309,13,8,19414,0,1854,2427,G2 Loyal,2,VIP 高頻高額,0,0.0,0,Low
C1310,53,6,29450,0,1925,4908,G8 Lost,3,流失高風險,0,0.0,0,Low
C1311,152,4,52306,1,810,13076,G3 Big Spenders,3,流失高風險,0,0.4403,0,Medium
C1312,12,7,16494,0,2347,2356,G2 Loyal,0,穩定中段,0,0.0,0,Low
C1313,354,2,10065,0,1810,5032,G8 Lost,1,沉睡客戶,1,0.8731,1,High
C1314,25,10,8768,0,140,877,G2 Loyal,0,穩定中段,0,0.0273,0,Low
C1315,42,4,36622,1,2849,9156,G8 Lost,3,流失高風險,0,0.0,0,Low
C1316,2,9,31957,1,2561,3551,G1 VIP(Champions),2,VIP 高頻高額,0,0.0,0,Low
C1317,190,3,51183,0,272,17061,G3 Big Spenders,1,沉睡客戶,0,0.2923,0,Low
C1318,10,4,20094,0,1270,5024,G5 Potential Loyalists,0,穩定中段,0,0.0,0,Low
C1319,15,7,8942,0,2235,1277,G2 Loyal,0,穩定中段,0,0.0,0,Low
C1320,207,2,4689,2,2219,2344,G8 Lost,1,沉睡客戶,1,0.9742,1,High
C1321,26,9,181239,1,526,20138,G1 VIP(Champions),3,流失高風險,0,0.0273,0,Low
C1322,199,3,35202,1,148,11734,G8 Lost,1,沉睡客戶,0,0.8706,1,High
C1323,6,10,26789,0,2954,2679,G2 Loyal,2,VIP 高頻高額,0,0.0,0,Low
C1324,130,2,29586,0,2684,14793,G8 Lost,3,流失高風險,0,0.4785,0,Medium
C1325,19,9,8938,2,2222,993,G2 Loyal,0,穩定中段,0,0.0,0,Low
C1326,36,4,13955,0,1989,3489,G8 Lost,0,穩定中段,0,0.0,0,Low
C1327,340,0,82482,2,2068,0,G3 Big Spenders,1,沉睡客戶,1,0.9742,1,High
C1328,6,13,38594,0,1388,2969,G1 VIP(Champions),2,VIP 高頻高額,0,0.0,0,Low
C1329,258,3,14264,2,2062,4755,G8 Lost,1,沉睡客戶,1,0.9742,1,High
C1330,22,3,10314,1,931,3438,G5 Potential Loyalists,0,穩定中段,0,0.0,0,Low
C1331,76,2,16967,0,278,8484,G7 Hibernating,0,穩定中段,0,0.5553,1,Medium
C1332,30,4,19520,1,953,4880,G8 Lost,0,穩定中段,0,0.0273,0,Low
C1333,19,12,102171,0,902,8514,G1 VIP(Champions),2,VIP 高頻高額,0,0.0273,0,Low
C1334,345,1,21337,2,931,21337,G8 Lost,1,沉睡客戶,0,0.9742,1,High
C1335,122,3,10586,1,1428,3529,G7 Hibernating,0,穩定中段,1,0.8762,1,High
C1336,193,1,23365,1,419,23365,G8 Lost,1,沉睡客戶,1,0.8706,1,High
C1337,148,6,29291,0,1241,4882,G8 Lost,3,流失高風險,0,0.0,0,Low
C1338,256,0,9933,4,1407,0,G8 Lost,1,沉睡客戶,1,0.9742,1,High
C1339,148,0,32258,2,588,0,G8 Lost,1,沉睡客戶,1,0.8762,1,High
C1340,7,13,56740,0,1376,4365,G1 VIP(Champions),2,VIP 高頻高額,0,0.0,0,Low
C1341,122,4,26824,0,2032,6706,G7 Hibernating,3,流失高風險,0,0.4785,0,Medium
C1342,186,2,13934,1,1253,6967,G8 Lost,1,沉睡客戶,1,0.8706,1,High
C1343,205,1,16811,1,37,16811,G8 Lost,1,沉睡客戶,1,0.9742,1,High
C1344,5,4,7622,0,2118,1906,G5 Potential Loyalists,0,穩定中段,0,0.0,0,Low
C1345,48,1,22166,1,1748,22166,G8 Lost,3,流失高風險,1,0.5553,1,Medium
C1346,14,8,30259,0,1276,3782,G1 VIP(Champions),2,VIP 高頻高額,0,0.0,0,Low
C1347,18,4,12995,1,97,3249,G5 Potential Loyalists,0,穩定中段,0,0.0273,0,Low
C1348,61,6,94636,0,294,15773,G3 Big Spenders,3,流失高風險,0,0.0273,0,Low
C1349,95,2,42387,1,265,21194,G7 Hibernating,3,流失高風險,0,0.0,0,Low
C1350,316,1,6940,3,2560,6940,G8 Lost,1,沉睡客戶,1,0.9742,1,High
C1351,74,7,7040,1,947,1006,G6 At Risk,0,穩定中段,0,0.0273,0,Low
C1352,5,7,12224,0,1292,1746,G2 Loyal,0,穩定中段,0,0.0,0,Low
C1353,113,3,73220,2,2097,24407,G3 Big Spenders,3,流失高風險,0,0.0,0,Low
C1354,6,13,45417,1,1976,3494,G1 VIP(Champions),2,VIP 高頻高額,0,0.0,0,Low
C1355,335,0,75856,1,221,0,G3 Big Spenders,1,沉睡客戶,0,0.9742,1,High
C1356,14,7,24518,0,2791,3503,G2 Loyal,2,VIP 高頻高額,0,0.0,0,Low
C1357,34,6,21023,1,817,3504,G8 Lost,0,穩定中段,0,0.0273,0,Low
C1358,8,8,10165,1,2309,1271,G2 Loyal,0,穩定中段,0,0.0,0,Low
C1359,236,2,31094,1,2501,15547,G8 Lost,1,沉睡客戶,1,0.9742,1,High
C1360,11,8,21220,0,1630,2652,G2 Loyal,2,VIP 高頻高額,0,0.0,0,Low
C1361,97,5,20655,1,511,4131,G6 At Risk,0,穩定中段,0,0.0273,0,Low
C1362,112,6,75556,0,1648,12593,G3 Big Spenders,3,流失高風險,0,0.0,0,Low
C1363,26,5,22283,1,756,4457,G5 Potential Loyalists,0,穩定中段,0,0.0273,0,Low
C1364,101,2,61802,0,2553,30901,G3 Big Spenders,3,流失高風險,0,0.0,0,Low
C1365,75,7,8009,1,2270,1144,G6 At Risk,0,穩定中段,0,0.0,0,Low
C1366,358,0,159800,2,2476,0,G3 Big Spenders,1,沉睡客戶,1,0.9742,1,High
C1367,75,5,18746,2,2490,3749,G6 At Risk,0,穩定中段,0,0.4523,0,Medium
C1368,52,2,39936,1,560,19968,G8 Lost,3,流失高風險,0,0.0,0,Low
C1369,255,1,44640,2,120,44640,G8 Lost,1,沉睡客戶,1,0.9742,1,High
C1370,167,1,17186,2,1890,17186,G8 Lost,1,沉睡客戶,1,0.8706,1,High
C1371,44,10,43188,0,1853,4319,G2 Loyal,2,VIP 高頻高額,0,0.0,0,Low
C1372,186,7,44788,0,2601,6398,G8 Lost,3,流失高風險,0,0.2923,0,Low
C1373,25,5,14777,1,1924,2955,G5 Potential Loyalists,0,穩定中段,0,0.0,0,Low
C1374,48,5,14900,0,2415,2980,G8 Lost,0,穩定中段,0,0.0,0,Low
C1375,13,7,25127,0,1065,3590,G2 Loyal,2,VIP 高頻高額,0,0.0,0,Low
C1376,17,10,22452,0,400,2245,G2 Loyal,2,VIP 高頻高額,0,0.0273,0,Low
C1377,65,7,64550,0,142,9221,G6 At Risk,3,流失高風險,0,0.0273,0,Low
C1378,92,4,39810,1,1324,9952,G6 At Risk,3,流失高風險,0,0.0,0,Low
C1379,184,0,23172,2,35,0,G8 Lost,1,沉睡客戶,1,0.8706,1,High
C1380,31,5,37207,1,1569,7441,G8 Lost,3,流失高風險,0,0.0,0,Low
C1381,1,7,5810,0,1220,830,G2 Loyal,0,穩定中段,0,0.0,0,Low
C1382,8,12,15824,0,795,1319,G2 Loyal,2,VIP 高頻高額,0,0.0273,0,Low
C1383,9,0,29776,1,1785,0,G5 Potential Loyalists,3,流失高風險,0,0.0,0,Low
C1384,150,2,53144,0,2048,26572,G3 Big Spenders,3,流失高風險,1,0.4785,0,Medium
C1385,240,2,27997,3,147,13998,G8 Lost,1,沉睡客戶,0,0.9742,1,High
C1386,18,5,67560,1,1444,13512,G3 Big Spenders,3,流失高風險,0,0.0,0,Low
C1387,129,2,44692,0,2820,22346,G8 Lost,3,流失高風險,0,0.4785,0,Medium
C1388,36,4,17295,1,913,4324,G8 Lost,0,穩定中段,0,0.0273,0,Low
C1389,19,7,22070,1,2349,3153,G2 Loyal,0,穩定中段,0,0.0,0,Low
C1390,1,8,32399,0,1030,4050,G1 VIP(Champions),2,VIP 高頻高額,0,0.0,0,Low
C1391,4,9,17782,0,836,1976,G2 Loyal,2,VIP 高頻高額,0,0.0273,0,Low
C1392,11,10,71104,1,2574,7110,G1 VIP(Champions),2,VIP 高頻高額,0,0.0,0,Low
C1393,12,9,11202,1,1088,1245,G2 Loyal,0,穩定中段,0,0.0,0,Low
C1394,27,7,30372,0,2602,4339,G1 VIP(Champions),2,VIP 高頻高額,0,0.0,0,Low
C1395,41,9,40734,0,1974,4526,G2 Loyal,2,VIP 高頻高額,0,0.0,0,Low
C1396,13,9,19547,1,2442,2172,G2 Loyal,2,VIP 高頻高額,0,0.0,0,Low
C1397,39,12,16695,1,2449,1391,G2 Loyal,2,VIP 高頻高額,0,0.0,0,Low
C1398,25,11,23080,0,2744,2098,G2 Loyal,2,VIP 高頻高額,0,0.0,0,Low
C1399,80,2,551096,1,1677,275548,G3 Big Spenders,3,流失高風險,0,0.0,0,Low
C1400,317,1,17156,1,2858,17156,G8 Lost,1,沉睡客戶,1,0.9742,1,High
C1401,31,11,11519,1,207,1047,G2 Loyal,2,VIP 高頻高額,0,0.0273,0,Low
C1402,22,7,54470,1,1490,7781,G1 VIP(Champions),3,流失高風險,0,0.0,0,Low
C1403,30,9,641850,0,1207,71317,G2 Loyal,3,流失高風險,0,0.0,0,Low
C1404,16,5,49291,1,317,9858,G3 Big Spenders,3,流失高風險,0,0.0273,0,Low
C1405,145,2,41421,1,2623,20710,G8 Lost,3,流失高風險,0,0.4403,0,Medium
C1406,39,8,111963,0,2406,13995,G2 Loyal,3,流失高風險,0,0.0,0,Low
C1407,18,7,53129,1,2253,7590,G1 VIP(Champions),3,流失高風險,0,0.0,0,Low
C1408,17,6,14664,0,1911,2444,G5 Potential Loyalists,0,穩定中段,0,0.0,0,Low
C1409,144,2,33833,1,1817,16916,G8 Lost,1,沉睡客戶,0,0.4403,0,Medium
C1410,196,0,16478,2,1160,0,G8 Lost,1,沉睡客戶,1,0.8706,1,High
C1411,23,6,17714,0,2059,2952,G5 Potential Loyalists,0,穩定中段,0,0.0,0,Low
C1412,50,12,9057,0,2927,755,G2 Loyal,2,VIP 高頻高額,0,0.0,0,Low
C1413,81,3,19925,0,776,6642,G7 Hibernating,0,穩定中段,0,0.5553,1,Medium
C1414,178,1,35651,0,1035,35651,G8 Lost,1,沉睡客戶,1,0.8731,1,High
C1415,38,6,23244,0,354,3874,G8 Lost,0,穩定中段,0,0.0273,0,Low
C1416,3,5,11276,0,2725,2255,G5 Potential Loyalists,0,穩定中段,0,0.0,0,Low
C1417,32,8,8382,0,1604,1048,G2 Loyal,0,穩定中段,0,0.0,0,Low
C1418,4,13,106755,0,1789,8212,G1 VIP(Champions),2,VIP 高頻高額,0,0.0,0,Low
C1419,154,2,30565,0,821,15282,G8 Lost,1,沉睡客戶,0,0.0,0,Low
C1420,259,0,13673,0,138,0,G8 Lost,1,沉睡客戶,0,0.8731,1,High
C1421,3,9,33633,0,2420,3737,G1 VIP(Champions),2,VIP 高頻高額,0,0.0,0,Low
C1422,104,5,112694,0,2585,22539,G3 Big Spenders,3,流失高風險,0,0.0,0,Low
C1423,26,5,37584,0,1043,7517,G5 Potential Loyalists,3,流失高風險,0,0.0,0,Low
C1424,32,3,3460,0,2293,1153,G8 Lost,0,穩定中段,0,0.0,0,Low
C1425,26,4,155843,1,1728,38961,G3 Big Spenders,3,流失高風險,0,0.0,0,Low
C1426,119,4,6671,0,1938,1668,G6 At Risk,0,穩定中段,0,0.4785,0,Medium
C1427,39,7,21074,1,543,3011,G2 Loyal,0,穩定中段,0,0.0273,0,Low
C1428,29,8,11011,0,1855,1376,G2 Loyal,0,穩定中段,0,0.0,0,Low
C1429,5,9,14501,1,508,1611,G2 Loyal,2,VIP 高頻高額,0,0.0273,0,Low
C1430,131,1,29705,3,679,29705,G8 Lost,1,沉睡客戶,1,0.4403,0,Medium
C1431,12,7,5712,0,1089,816,G2 Loyal,0,穩定中段,0,0.0,0,Low
C1432,139,4,22853,2,667,5713,G8 Lost,3,流失高風險,0,0.8762,1,High
C1433,2,6,54347,0,2730,9058,G3 Big Spenders,3,流失高風險,0,0.0,0,Low
C1434,291,0,13490,2,116,0,G8 Lost,1,沉睡客戶,1,0.9742,1,High
C1435,25,9,9199,0,2714,1022,G2 Loyal,0,穩定中段,0,0.0,0,Low
C1436,195,2,22081,1,487,11040,G8 Lost,1,沉睡客戶,1,0.8706,1,High
C1437,80,5,19210,1,2614,3842,G6 At Risk,0,穩定中段,0,0.0,0,Low
C1438,6,7,16048,0,1029,2293,G2 Loyal,0,穩定中段,0,0.0,0,Low
C1439,6,8,10595,0,2765,1324,G2 Loyal,0,穩定中段,0,0.0,0,Low
C1440,18,6,35011,0,1635,5835,G5 Potential Loyalists,3,流失高風險,0,0.0,0,Low
C1441,158,1,36926,0,1484,36926,G8 Lost,1,沉睡客戶,0,0.2923,0,Low
C1442,40,11,11545,1,418,1050,G2 Loyal,2,VIP 高頻高額,0,0.0273,0,Low
C1443,40,7,12720,1,1317,1817,G2 Loyal,0,穩定中段,0,0.0,0,Low
C1444,80,7,26784,0,1685,3826,G6 At Risk,3,流失高風險,0,0.0,0,Low
C1445,55,2,12388,2,2950,6194,G8 Lost,0,穩定中段,0,0.5553,1,Medium
C1446,54,7,27586,1,812,3941,G2 Loyal,2,VIP 高頻高額,0,0.0273,0,Low
C1447,138,3,68025,1,275,22675,G3 Big Spenders,3,流失高風險,0,0.4403,0,Medium
C1448,38,4,23345,0,784,5836,G8 Lost,0,穩定中段,0,0.0273,0,Low
C1449,59,8,10409,1,751,1301,G6 At Risk,0,穩定中段,0,0.0273,0,Low
C1450,22,10,32031,0,2845,3203,G1 VIP(Champions),2,VIP 高頻高額,0,0.0,0,Low
C1451,34,7,21496,0,476,3071,G2 Loyal,0,穩定中段,0,0.0273,0,Low
C1452,237,3,21914,1,2977,7305,G8 Lost,1,沉睡客戶,1,0.9742,1,High
C1453,23,8,33953,0,365,4244,G1 VIP(Champions),2,VIP 高頻高額,0,0.0273,0,Low
C1454,78,4,39487,0,2439,9872,G6 At Risk,3,流失高風險,0,0.0,0,Low
C1455,203,0,24956,3,1261,0,G8 Lost,1,沉睡客戶,1,0.9742,1,High
C1456,176,2,23331,3,191,11666,G8 Lost,1,沉睡客戶,1,0.8706,1,High
C1457,83,2,103206,0,1853,51603,G3 Big Spenders,3,流失高風險,0,0.0,0,Low
C1458,3,10,56409,0,2194,5641,G1 VIP(Champions),2,VIP 高頻高額,0,0.0,0,Low
C1459,11,13,43629,0,2520,3356,G1 VIP(Champions),2,VIP 高頻高額,0,0.0,0,Low
C1460,38,8,26685,0,559,3336,G2 Loyal,2,VIP 高頻高額,0,0.0273,0,Low
C1461,87,5,12040,1,1863,2408,G6 At Risk,0,穩定中段,0,0.0,0,Low
C1462,164,1,53593,0,1720,53593,G3 Big Spenders,1,沉睡客戶,0,0.2923,0,Low
C1463,47,2,26930,0,1344,13465,G8 Lost,3,流失高風險,0,0.0,0,Low
C1464,3,4,16252,0,2684,4063,G5 Potential Loyalists,0,穩定中段,0,0.0,0,Low
C1465,166,0,20533,2,1286,0,G8 Lost,1,沉睡客戶,0,0.8706,1,High
C1466,10,5,12378,1,1159,2476,G5 Potential Loyalists,0,穩定中段,0,0.0,0,Low
C1467,11,11,51028,0,1590,4639,G1 VIP(Champions),2,VIP 高頻高額,0,0.0,0,Low
C1468,4,5,39266,0,2788,7853,G5 Potential Loyalists,3,流失高風險,0,0.0,0,Low
C1469,30,8,27643,1,2606,3455,G2 Loyal,2,VIP 高頻高額,0,0.0,0,Low
C1470,18,7,23625,0,2133,3375,G2 Loyal,2,VIP 高頻高額,0,0.0,0,Low
C1471,92,0,15116,0,270,0,G7 Hibernating,0,穩定中段,1,0.5553,1,Medium
C1472,57,9,5480,1,924,609,G6 At Risk,0,穩定中段,0,0.0273,0,Low
C1473,307,1,9054,2,74,9054,G8 Lost,1,沉睡客戶,1,0.9742,1,High
C1474,16,9,14475,0,311,1608,G2 Loyal,2,VIP 高頻高額,0,0.0273,0,Low
C1475,32,4,13029,1,2500,3257,G8 Lost,0,穩定中段,0,0.0,0,Low
C1476,13,9,29809,0,2451,3312,G1 VIP(Champions),2,VIP 高頻高額,0,0.0,0,Low
C1477,2,6,42961,1,334,7160,G5 Potential Loyalists,3,流失高風險,0,0.0273,0,Low
C1478,20,10,22250,0,1390,2225,G2 Loyal,2,VIP 高頻高額,0,0.0,0,Low
C1479,353,2,65267,1,859,32634,G3 Big Spenders,1,沉睡客戶,1,0.9742,1,High
C1480,59,4,14072,1,245,3518,G6 At Risk,0,穩定中段,0,0.0273,0,Low
C1481,48,3,22140,0,1162,7380,G8 Lost,0,穩定中段,0,0.5553,1,Medium
C1482,12,5,23490,1,336,4698,G5 Potential Loyalists,0,穩定中段,0,0.0273,0,Low
C1483,90,5,52288,1,2216,10458,G3 Big Spenders,3,流失高風險,0,0.0,0,Low
C1484,37,6,26216,0,2901,4369,G8 Lost,0,穩定中段,0,0.0,0,Low
C1485,154,2,26729,1,1284,13364,G8 Lost,1,沉睡客戶,0,0.4403,0,Medium
C1486,67,4,7643,1,751,1911,G6 At Risk,0,穩定中段,0,0.0273,0,Low
C1487,105,3,12966,0,1513,4322,G7 Hibernating,0,穩定中段,1,0.5553,1,Medium
C1488,143,1,52426,0,2900,52426,G3 Big Spenders,3,流失高風險,0,0.4785,0,Medium
C1489,23,7,5695,0,504,814,G2 Loyal,0,穩定中段,0,0.0273,0,Low
C1490,50,4,62324,0,2053,15581,G3 Big Spenders,3,流失高風險,0,0.0,0,Low
C1491,8,9,34536,2,306,3837,G1 VIP(Champions),2,VIP 高頻高額,0,0.0,0,Low
C1492,13,3,14425,0,922,4808,G5 Potential Loyalists,0,穩定中段,0,0.0,0,Low
C1493,10,12,13596,0,1334,1133,G2 Loyal,2,VIP 高頻高額,0,0.0,0,Low
C1494,28,10,91782,0,1169,9178,G1 VIP(Champions),2,VIP 高頻高額,0,0.0,0,Low
C1495,56,8,65381,1,560,8173,G2 Loyal,3,流失高風險,0,0.0273,0,Low
C1496,38,4,22390,0,2337,5598,G8 Lost,0,穩定中段,0,0.0,0,Low
C1497,1,9,26748,0,2029,2972,G2 Loyal,2,VIP 高頻高額,0,0.0,0,Low
C1498,11,5,15486,0,1323,3097,G5 Potential Loyalists,0,穩定中段,0,0.0,0,Low
C1499,355,0,26752,0,1273,0,G8 Lost,1,沉睡客戶,1,0.8731,1,High
C1500,46,4,15188,3,252,3797,G8 Lost,0,穩定中段,0,0.4523,0,Medium
